title,body
"한은, 내년 첫 기준금리 결정회의 1월 17일 개최","




// flash 오류를 우회하기 위한 함수 추가
function _flash_removeCallback() {}

	
	[머니투데이 한고은 기자] [올해 10월 금통위, G20회의 등 감안 10월 16일로 하루 앞당겨 열기로]/자료=한국은행기준금리 결정을 위한 내년도 첫 한국은행 금융통화위원회 회의는 1월 17일 열린다. 한국은행은 8일 내년 금통위 정기회의 및 의사록 공개 일정을 발표했다. 한은은 통상 11월경에 다음해 금통위 일정을 공개했으나, 경제전망 일정 변경 등 여건을 감안해 금통위 회의 일정을 앞당겨 공개했다. 기준금리를 정하는 통화정책방향 결정회의는 1.17(금), 2.27(목), 4.9(목), 5.28(목), 7.16(목), 8.27(목), 10.14(수), 11.26(목) 등 8차례 열린다. 2·5·8·11월 회의 때는 한은 경제전망도 함께 발표한다. 금융안정회의는 3.26(목), 6.24(수), 9.24(목), 12.24(목) 등 4차례 개최한다. 통화정책방향 결정회의, 금융안정회의 의사록은 기존과 같이 회의 2주 뒤 처음 돌아오는 화요일에 공개한다. 단 2020년 6월, 9월 금융안정회의 의사록이 7월, 10월 통화정책방향 결정회의 직전에 공개되는 점을 감안해 시기를 앞당겨 공개한다. /자료=한국은행통화정책방향 결정회의 의사록은 2.4(화), 3.17(화), 4.28(화), 6.16(화), 8.4(화), 9.15(화), 11.3(화), 12.15(화)에 공개된다. 금융안정회의 의사록은 4.14(화), 7.10(금), 10.8(목)이며, 12월 24일 회의 의사록은 2021년 금통위 회의 일정과 함께 추후 발표된다. 한편 한은은 올해 10월 미국에서 개최되는 주요20개국(G20) 재무장관·중앙은행총재회의 등을 감안해 10월 통화정책방향 결정회의일을 당초 10월 17일에서 10월 16일로 하루 앞당겨 연다고 밝혔다. 한고은 기자 doremi0@▶주식투자 감 잡고 싶다면 [재테크 칼럼]▶바람 피운 배우자 4가지 징후 [변호사 가사상담] ▶주요 이슈만 콕콕! <저작권자 ⓒ '돈이 보이는 리얼타임 뉴스' 머니투데이, 무단전재 및 재배포 금지>
	
"
철구와 필리핀 원정 도박 의혹?…BJ서윤 누구,"




// flash 오류를 우회하기 위한 함수 추가
function _flash_removeCallback() {}

	
	[머니투데이 한민선 기자] ['군인 신분' BJ 철구, 필리핀서 원정 도박 정황 포착…""BJ서윤이랑 있다""]/사진=BJ서윤 인스타그램지난해 10월 군입대한 BJ철구(본명 이예준·30)가 필리핀 마닐라에서 원정도박을 했다는 의혹이 불거진 가운데, 함께 있다고 알려진 'BJ서윤'에게 관심이 쏠리고 있다. 8일 한 온라인 커뮤니티에는 '철구 필리핀 마닐라 카지노에서 바카라 중'이라는 제목의 글과 함께 한 장의 사진이 공개됐다. 공개된 사진에는 철구로 추정되는 남성이 다른 남성 및 여성과 함께 도박을 즐기고 있는 모습이 담겨 있다. 작성자는 ""마닐라의 한 카지노다. 철구는 BJ서윤이랑 있다""고 말했다.1991년생인 BJ서윤은 아프리카TV에서 토크, 일상, 게임 등을 주제로 방송을 진행하는 BJ다. 애교 섞인 목소리와 글래머러스한 몸매로 사랑을 받고 있다. BJ서윤은 프로필에 올라온 '일문일답'에서 '나는 어떤 캐릭터?'라고 묻는 질문에 ""청글 베이글이라고 우기는 서윤""이라고 답했다. 최근에는 방송을 진행하지 않고 있다. BJ서윤의 아프리카TV 방송국은 현재 휴면 상태고, 유튜브 채널에도 지난 6월26일을 끝으로 새로운 영상이 올라오지 않고 있다. 한민선 기자 sunnyday@mt.co.kr▶주식투자 감 잡고 싶다면 [재테크 칼럼]▶바람 피운 배우자 4가지 징후 [변호사 가사상담] ▶주요 이슈만 콕콕! <저작권자 ⓒ '돈이 보이는 리얼타임 뉴스' 머니투데이, 무단전재 및 재배포 금지>
	
"
부산은행 지역 대학생·고등학생 494명에 장학금 전달,"




// flash 오류를 우회하기 위한 함수 추가
function _flash_removeCallback() {}

	
	[머니투데이 박광범 기자] BNK부산은행이 8일 오전 부산은행 본점 오션홀에서 행복장학금 수여식을 갖고 지역 대학생 및 고등학생 총 494명에게 장학금 4억2700만원을 전달했다./사진제공=부산은행BNK부산은행이 8일 본점 오션홀에서 행복장학금 수여식을 갖고 지역 대학생 및 고등학생 총 494명에게 장학금 4억2700만원을 전달했다.부산은행은 2007년부터 공익재단인 'BNK금융그룹 희망나눔재단'을 통해 매년 지역 우수인재를 선정해 장학금을 주고 있다. 올해까지 총 7000여명에게 약62억원의 장학금을 지원했다.올해는 부산, 김해, 양산 소재 26개 대학교와 80개 고등학교를 대상으로 장학생을 추천 받아 대학생에게는 100~200만원, 고등학생에게는 50만원의 장학금과 부상을 수여했다.방성빈 부산은행 경영기획본부장은 ""지금처럼 학업에 성실히 임해 주길 바라며 각자의 꿈과 재능에 열정을 담아 미래를 향해 한걸음 더 나아가갈 바란다""고 밝혔다.박광범 기자 socool@mt.co.kr▶주식투자 감 잡고 싶다면 [재테크 칼럼]▶바람 피운 배우자 4가지 징후 [변호사 가사상담] ▶주요 이슈만 콕콕! <저작권자 ⓒ '돈이 보이는 리얼타임 뉴스' 머니투데이, 무단전재 및 재배포 금지>
	
"
"주옥순, '친일파'란 비난에…""내 아버지도 강제징용""","




// flash 오류를 우회하기 위한 함수 추가
function _flash_removeCallback() {}

	
	[머니투데이 이호길 인턴기자] [주옥순 ""친일파라 하는데 아버지 강제징용""…시민단체 대표는 밀가루 봉투 던져] '친일 발언'으로 논란을 일으킨 주옥순 엄마부대 대표가 8일 오전 서울 종로구 옛 일본대사관 소녀상 옆에서 '문재인 정권, 일본 정부에 사과하라' 기자회견을 하고 있다.사진=이기범 기자주옥순 엄마부대 대표가 8일 ""문재인 정권은 한일 관계를 악화시키면서 대한민국 경제를 망가뜨리고 있다""고 주장했다.주 대표는 이날 오전 서울 종로구 옛 일본대사관 자리에서 기자회견을 열고 ""문재인 정권이 (출범 후) 2년 수개월 만에 대한민국을 완전히 망하게 했기 때문에 이대로 있어서는 안 된다는 절박한 심정으로 나왔다""며 이같이 밝혔다. 이 자리에는 엄마부대와 엄마방송 등 보수단체 회원들이 함께했다.주 대표는 ""우리가 갖고 있는 휴대전화 등 기술이 어디에서 들어왔겠나. 당시 일본의 미쓰비시 등이 (한국에) 들어와 포항제철을 세우는 데 기술과 자본을 제공했다""며 ""과거 일본이 침략한 건 잘못됐다. 그러나 언제까지 과거에 얽매여서 일본하고 싸우냐""고 말했다. 자신을 향해 쏟아지는 비판에 대해서는 ""여러 사람들이 저에게 매국노다, 친일파다 하는데 내 아버지도 강제징용을 다녀오셨다""고 항변했다. 또한 대법원의 강제징용 판결도 비판했다. 그는 ""한국 판사의 결정이 아주 잘못됐다""며 ""이미 보상이 다 끝난 일을 다시 뒤집는 고의적 도발행위""라고 지적했다. 한국 대법원은 지난해 10월 강제징용 피해자들의 손해배상 청구권을 인정하며 1965년 한일청구권협정으로 피해자들의 위자료 청구권이 소멸되지 않았다고 판단했다.8일 오전 11시32분쯤 주옥순 엄마부대 대표를 폭행한 혐의로 '서울의 소리' 백은종씨가 경찰에 현행범 체포됐다./사진=뉴시스앞서 주 대표는 지난 1일 주한 일본대사관 앞에서 기자회견을 열고 ""아베 수상님, 국민의 한 사람으로서 진심으로 사죄를 드립니다"", ""일본 파이팅"" 등의 발언을 해 파장을 일으켰다. 이 사실이 알려지면서 '친일파', '매국노' 등의 비판이 제기됐다.한편 이날 기자회견 직전에 오천도 애국국민운동연합 대표가 주 대표를 향해 밀가루 봉투를 던지기도 했다. 그는 ""보수 같은 소리하고 있네. 보수파들이 친일행각을 하느냐""고 외치며 이같은 행동을 했다.인터넷 신문인 백은종 '서울의 소리' 대표는 주 대표를 밀쳐 현행범으로 체포됐다. 폭행 혐의로 경찰에 연행된 그는 ""매국노를 보호하는 게 경찰이냐""고 소리치기도 했다.이호길 인턴기자 psylee100@mt.co.kr▶주식투자 감 잡고 싶다면 [재테크 칼럼]▶바람 피운 배우자 4가지 징후 [변호사 가사상담] ▶주요 이슈만 콕콕! <저작권자 ⓒ '돈이 보이는 리얼타임 뉴스' 머니투데이, 무단전재 및 재배포 금지>
	
"
"중진공, 졸업예정자 취업 지원사업 참여대학 모집","




// flash 오류를 우회하기 위한 함수 추가
function _flash_removeCallback() {}

	
	[머니투데이 고석용 기자] [맞춤형교육·현장실습·프로젝트 등 프로그램 제공…취업률 83.2% 기록]중소벤처기업부와 중소벤처기업진흥공단이 오는 23일까지 대학 졸업 예정자의 기술교육과 중소기업 취업을 지원하는 '대학연계 중소기업 인력사업'에 참여할 대학을 모집한다고 8일 밝혔다.대학연계 중소기업 인력사업은 취업이 가능한 졸업예정자에게 100시간의 '맞춤형 교육'과 4주 이상의 '현장실습', 교수·학생·기업이 팀이되는 '1팀·1프로젝트' 등 산학협력 프로그램을 제공하는 사업이다. 사업을 진행한 졸업예정자들의 취업률은 2015년 73.7%, 2016년 74.7%, 2017년 82.0%, 지난해 83.2%로 성과를 내고 있다.선정된 대학은 사업 운영비 3억원 내외를 지원받게 된다. 지원대상은 산학협력 역량을 갖춘 전문대학교, 폴리텍대학교 등이다. 올해 1차로 4개 대학을 신규 선정해 현재까지 14개 대학이 사업을 진행하고 있으며 이번 모집에서는 6개 대학을 추가 선정할 계획이다.사업 신청은 중소기업 인력지원 종합관리시스템 홈페이지를 통해 할 수 있다.고석용 기자 gohsyng@▶주식투자 감 잡고 싶다면 [재테크 칼럼]▶바람 피운 배우자 4가지 징후 [변호사 가사상담] ▶주요 이슈만 콕콕! <저작권자 ⓒ '돈이 보이는 리얼타임 뉴스' 머니투데이, 무단전재 및 재배포 금지>
	
"
"""성추행하고 CCTV파기""…구립 어린이집 원장 검찰행","




// flash 오류를 우회하기 위한 함수 추가
function _flash_removeCallback() {}

	
	[머니투데이 이영민 기자] [강북구립 어린이집 원장 등 2명 아동학대 혐의…학부모 ""48개월 아이 폭행""]삽화=임종철 디자이너 / 사진=임종철서울 강북구 한 구립어린이집 원장과 교사가 아동 학대 혐의로 검찰에 넘겨졌다. 원장은 어린이집 아이들을 성추행한 의혹으로 별도 조사도 받고 있다. 서울 강북경찰서는 지난달 29일 아동학대 범죄의 처벌 등에 관한 특례법, 아동복지법 위반 등 혐의로 서울 강북구 내 구립 어린이집 원장 A씨와 담임 보육교사 B씨 등 2명을 기소 의견으로 검찰에 송치했다고 8일 밝혔다. 경찰에 따르면 보육교사 B씨는 지난해 3월부터 올해 6월까지 말을 듣지 않는다는 이유로 원생 7명의 어깨와 다리 등을 상습 폭행한 혐의다. 경찰은 사건이 검찰에 넘어간 뒤 해당 어린이집 원생 1명이 추가 피해를 호소해 수사를 진행하고 있다.원장 A씨는 아이들의 신체 특정부위를 만지는 등 성추행한 혐의로 서울지방경찰청에서 별도 조사를 받고 있다. A씨는 폭행과 성추행 장면이 담긴 것으로 추정되는 어린이집 CCTV(폐쇄회로화면)를 일부러 파기한 혐의도 받는다. 해당 어린이집 피해 아동의 학부모는 올해 6월 17일 청와대 국민청원에 피해를 호소하기도 했다. 이들은 ""48개월 된 아이가 구립 어린이집에서 아동학대를 당했으나 원장이 CCTV영상을 삭제한 뒤 발뺌하고 있다""고 주장했다. 이영민 기자 letswin@▶주식투자 감 잡고 싶다면 [재테크 칼럼]▶바람 피운 배우자 4가지 징후 [변호사 가사상담] ▶주요 이슈만 콕콕! <저작권자 ⓒ '돈이 보이는 리얼타임 뉴스' 머니투데이, 무단전재 및 재배포 금지>
	
"
"노루페인트, 경리단길 미관개선 위해 페인트 후원 ","




// flash 오류를 우회하기 위한 함수 추가
function _flash_removeCallback() {}

	
	[머니투데이 김지훈 기자]  서울 용산구 이태원동 경리단길. /사진제공=노루페인트노루페인트가 경리단길 미관 개선을 위한 벽화용 페인트를 후원했다고 8일 밝혔다.노루페인트는 TBS의 골목상생 프로젝트 '홍석천의 Oh! 마이로드' 프로그램에 22가지 색상의 노루 펜톤페인트를 지원했다. 기존 어둡고 산만해 보였던 경리단길의 벽면은 평화를 주제로 한 다양한 벽화들로 채워졌다.노루페인트는 '경기도 맑은 숨터 만들기 벽화조성사업'을 비롯한 공익적 벽화사업에 페인트를 후원해 왔다. 노루페인트 관계자는 ""어려운 시기에 지역 경제를 되살리고자 하는 큰 의미가 있어 흔쾌히 참여하게 됐다""고 설명했다.김지훈 기자 lhshy@mt.co.kr▶주식투자 감 잡고 싶다면 [재테크 칼럼]▶바람 피운 배우자 4가지 징후 [변호사 가사상담] ▶주요 이슈만 콕콕! <저작권자 ⓒ '돈이 보이는 리얼타임 뉴스' 머니투데이, 무단전재 및 재배포 금지>
	
"
"美, 관세폭탄 후 76조 벌었다","




// flash 오류를 우회하기 위한 함수 추가
function _flash_removeCallback() {}

	
	[머니투데이 강기준 기자] [무역전쟁 후 美관세수입 2배 넘게 증가...대부분 美농민 지원금에 쓰여] /AFPBBNews=뉴스1도널드 트럼프 미국 대통령이 무역전쟁을 시작하면서, 미국이 630억달러(약 76조4000억원)에 달하는 관세 수입을 거둔 것으로 나타났다. 미중 무역갈등이 심화하면 이 규모는 1000억달러(약 121조원)까지 불어날 것으로 보인다. 7일(현지시간) 월스트리트저널(WSJ)은 미 재무부 자료를 인용, 미국의 관세 수입이 올 6월30일 기준 지난 12개월간 총 630억달러를 기록했다고 보도했다. 트럼프 대통령이 관세 전쟁을 벌이기전 연간 관세 수입이 약 300억달러(약 36조3000억원)이었던 것과 비교하면 두 배 넘게 증가한 셈이다.  월별로 따져보면 지난 4월 48억달러였던 관세 수입은 5월엔 53억달러, 6월들어선 60억달러 등 갈수록 증가폭이 커지고 있다. 트럼프 대통령이 지난 5월초 2000억달러 규모 중국산 상품에 대한 관세를 10%에서 25%로 인상한 이후부터 관세 수입이 증가했다는 설명이다. WSJ는 현재 상태로는 미국의 연간 관세 수입이 720억달러(약 82조1700억원)까지 증가하고, 트럼프 대통령이 기존에 예고했던 3000억달러(약 363조2100억원) 규모 중국산 수입품에 10% 추가 관세를 매기면 미국의 관세수입 규모는 1000억달러(약 121조원)를 달성하게 된다고 설명했다. 미국이 거둔 관세 수입 중 대부분도 한창 갈등을 빚고 있는 중국으로부터 나왔다. 지난 6월 약 60억달러 규모의 관세 수입에서 절반이 중국에서 거둔 것으로 조사됐다. 다만 미국은 관세 장벽으로 거둔 추가 수입의 대부분을 무역전쟁으로 피해를 입은 자국 농민을 지원하는데 썼다고 WSJ는 지적했다. 트럼프 행정부는 지난해 120억달러, 올해 160억달러 등 총 280억달러를 농민지원금으로 편성했다. 게다가 높은 대중관세로 인한 피해는 미국 소비자들이 고스란히 입고 있다는 지적이 나온다. 지원금 대상인 농민들의 표정도 밝지만은 않다. 중국이 미국의 관세부과에 대한 대항으로 미국산 대두 등을 수입하지 않겠다고 밝히면서 고스란히 피해를 입고 있기 때문이다. 지피 두발 미국농업연합회(AFBF) 회장은 성명을 통해 “중국의 농산물 수입 중단 발표는 이미 생계 유지가 힘든 미국의 수천만명의 농민들에게 치명타가 될 것”이라고 어려움을 호소했다.  조나단 골드 THH 대변인은 ""미국인들은 역사상 가장 높은 관세를 부담하고 있고, 9월1일 3000억달러 관세 부과가 시작되면 더 큰 타격을 받게 될 것""이라면서 ""정부는 정책 방향을 변경을 변경해야 한다""고 말했다. 미국 150여개 자유무역 지지 단체의 연합체인 THH는 '관세가 심장부를 해친다(THH, Tariffs Hurt the Heartland)'는 구호를 단체명으로 사용하고 있다. 강기준 기자 standard@mt.co.kr▶주식투자 감 잡고 싶다면 [재테크 칼럼]▶바람 피운 배우자 4가지 징후 [변호사 가사상담] ▶주요 이슈만 콕콕! <저작권자 ⓒ '돈이 보이는 리얼타임 뉴스' 머니투데이, 무단전재 및 재배포 금지>
	
"
진에어도 일본 노선 줄인다…1주일 131회→78회,"




// flash 오류를 우회하기 위한 함수 추가
function _flash_removeCallback() {}

	
	[머니투데이 기성훈 기자] [오는 19일부터 10월 26일까지]진에어 일본노선 감편 노선 및 기간./사진제공=진에어국내 저비용항공(LCC) 업계 2위 진에어도 일본행 여객기 감편을 결정했다.진에어는 현재 9개 일본 노선 총 131회의 주간 운항 횟수를 오는 19일부터 10월 26일까지 78회로 줄인다고 8일 밝혔다. 구체적인 감축 횟수 및 시기는 노선별로 조금씩 다르다.대상은 인천에서 출발하는 6개 노선(도쿄(나리타)·오사카·후쿠오카·기타큐슈·삿포로·오키나와)와 부산에서 출발하는 3개 노선(오키나와·오사카·기타큐슈)으로 총 9개 노선이다.진에어는 감편 대상 항공편 환불에 따른 환불위약금, 예약 변경에 따른 재발행 수수료를 면제해주기로 했다. 환불위약금과 재발행 수수료 중 1가지만 선택해 1회 면제 가능하다.진에어 관계자는 ""하계 비수기 기간 중 여객 수요 등을 감안해 조정한 것""이라고 설명했다.기성훈 기자 ki0301@mt.co.kr▶주식투자 감 잡고 싶다면 [재테크 칼럼]▶바람 피운 배우자 4가지 징후 [변호사 가사상담] ▶주요 이슈만 콕콕! <저작권자 ⓒ '돈이 보이는 리얼타임 뉴스' 머니투데이, 무단전재 및 재배포 금지>
	
"
"현대차, 추석맞이 시승 행사..10개 모델 300대 지원","




// flash 오류를 우회하기 위한 함수 추가
function _flash_removeCallback() {}

	
	[머니투데이 장시복 기자] [추석연휴 기간동안 6박 7일 무상 대여 시승기회 제공]현대자동차, 추석 맞이 시승 이벤트 실시/사진제공=현대차현대자동차는 추석 연휴를 맞아 신형 쏘나타, 혼라이프 SUV(다목적스포츠차량) 베뉴 등 10개 모델 총 300대를 지원하는 시승 이벤트를 실시한다고 8일 밝혔다.올해로 10년째 진행되고 있는 행사다. 대상은 만 21세 이상 운전면허 소지자로 현대차 홈페이지를 통해 오는 31일까지 신청할 수 있다.응모 고객 중 총 300명을 추첨해 다음달 5일 홈페이지에 발표한다. 당첨된 고객은 9월 추석 연휴 기간인 11일부터 17일까지 6박 7일간 시승 기회를 갖게 된다.10개 차종은 아반떼, i30, 벨로스터, 쏘나타, 그랜저, 그랜저 하이브리드, 베뉴, 코나, 투싼, 싼타페 등 총 300대다.장시복 기자 sibokism@▶주식투자 감 잡고 싶다면 [재테크 칼럼]▶바람 피운 배우자 4가지 징후 [변호사 가사상담] ▶주요 이슈만 콕콕! <저작권자 ⓒ '돈이 보이는 리얼타임 뉴스' 머니투데이, 무단전재 및 재배포 금지>
	
"
"""나도 파일럿""…공군 '국민조종사' 참가 25일까지 접수","




// flash 오류를 우회하기 위한 함수 추가
function _flash_removeCallback() {}

	
	[머니투데이 최태범  기자] [[the300]올해 공군 창군 70주년 맞아 기존 4명에서 7명으로 확대선발]/사진=공군 제공 국민들이 직접 공군이 운용하는 국산항공기를 타고 ‘파일럿’으로서 대한민국 영공수호 임무를 체험해볼 수 있는 기회가 제공된다. 8일 공군에 따르면 오는 10일부터 25일까지 ‘제7기 국민조종사’ 참가신청 접수가 진행된다. 만 19세 이상의 대한민국 국민은 누구나 지원할 수 있으며 공군 홈페이지(www.airforce.mil.kr)를 통해 신청하면 된다. 국민조종사는 대한민국 영공을 수호하는 공군의 임무를 국민들에게 소개하고 국민이 직접 공군 국산항공기에 탑승해 공군조종사의 비행임무를 체험하는 제도다. 2007년부터 격년으로 진행되고 있다. 올해의 경우 공군 창군 70주년을 맞아 기존 4명에서 7명으로 확대 선발된다. 현재까지 대학생, 소방공무원, 자영업자, 주부 등 총 26명의 국민조종사가 탄생했다고 공군은 설명했다.공군은 1차 서류 심사 합격자 40명을 대상으로 동영상 심사와 비행환경적응훈련을 통해 최종 인원을 선발한다. 선발된 인원은 오는 10월 19일 서울공항에서 공군이 운용하는 국산항공기 T-50, FA-50, KT-1, KA-1를 탄다. 이들은 1951년 창설된 최초의 전투비행부대이자 6‧25전쟁 당시 주요한 항공작전을 한 강릉기지, 1953년 창설돼 한국공군 최초 제트전투기 F-86을 운용한 수원기지 인근 상공을 비행할 예정이다.또 독립기념관 상공에서 대한민국 임시정부 수립 100주년을 함께 기념하고, 원인철 공군참모총장이 공군조종사의 상징인 빨간 마후라를 직접 수여할 계획이다. 안타깝게 선발에서 탈락한 국민들에게는 군 수송기 탑승기회가 제공된다. 공군은 1차 서류 심사를 통과했지만 최종 선발에서 떨어진 후보자들에게는 오는 10월 18일 군수송기 탑승 체험을 실시할 예정이다. 강성구 공군본부 공보정훈실장(대령·공사 35기)은 ""국민조종사 선발은 오늘날 영공수호 임무의 핵심전력으로 활약하는 국산 항공기의 임무현장을 국민들에게 직접 소개하는데 의의가 있는 만큼 국민 여러분의 적극적인 관심과 도전을 기대한다""고 했다.최태범  기자 bum_t@mt.co.kr▶주식투자 감 잡고 싶다면 [재테크 칼럼]▶바람 피운 배우자 4가지 징후 [변호사 가사상담] ▶주요 이슈만 콕콕! <저작권자 ⓒ '돈이 보이는 리얼타임 뉴스' 머니투데이, 무단전재 및 재배포 금지>
	
"
"지엠피, 정철·강승곤 CEO 지분 장내매수","




// flash 오류를 우회하기 위한 함수 추가
function _flash_removeCallback() {}

	
	[머니투데이 반준환 기자] 지엠피 경영진들이 최근 회사 주가 급락에도 불구하고 장내매수를 통해 지분율을 늘렸다. 8일 금융감독원 전자공시에 따르면 정철 지엠피 공동대표는 이달 증시에서 3만8596주를 장내매수했다. 강승곤 지엠피 사장도 1만주를 장내매수했다.  이들의 매수단가는 8200원이다. 반준환 기자 abcd@▶주식투자 감 잡고 싶다면 [재테크 칼럼]▶바람 피운 배우자 4가지 징후 [변호사 가사상담] ▶주요 이슈만 콕콕! <저작권자 ⓒ '돈이 보이는 리얼타임 뉴스' 머니투데이, 무단전재 및 재배포 금지>
	
"
"수협은행, 연 5% 'Sh페이북적금'…언제까지 판매하나","




// flash 오류를 우회하기 위한 함수 추가
function _flash_removeCallback() {}

	
	[머니투데이 이학렬 기자] /사진제공=수협은행Sh수협은행은 BC카드 페이북과 손잡고 5%대 고금리를 제공하는 스마트폰뱅킹 전용상품 ‘Sh페이북적금’ 4차 판매분이 오는 16일 종료될 예정이라고 8일 밝혔다. 지난 7월1일 출시 후 3차 판매분까지 조기 완판을 기록한 인기상품 Sh페이북적금은 공인인증서 등 복잡한 인증절차 없이 BC페이북 앱 로그인만으로 간편하게 가입할 수 있다. Sh페이북적금은 단기적금을 선호하는 최근 금융트랜드에 발맞춰 가입기간을 6개월로 짧게 설계했으며, 월 납입한도도 20만원 이하 소액으로 낮춰 가입 부담을 줄였다. 특히 연 2.1%의 기본금리에 우대금리 조건을 단순화해 누구나 쉽게 0.2%의 우대금리를 받을 수 있도록 했으며, 여기에 만기시 BC페이북에서 제공하는 축하금리 연 2.7%를 추가로 받을 수 있어 우대혜택을 모두 받으면 최대 연 5%다. 수협은행 관계자는 ""최근 기준금리가 인하되면서 오는 19일 시작되는 5차 판매분부터는 상품의 금리조정이 있을 예정""이라며 ""5%대 고금리 혜택을 받을 수 있는 기회는 이번 4차 판매분이 마지막이 될 것""이라고 말했다.  이학렬 기자 tootsie@▶주식투자 감 잡고 싶다면 [재테크 칼럼]▶바람 피운 배우자 4가지 징후 [변호사 가사상담] ▶주요 이슈만 콕콕! <저작권자 ⓒ '돈이 보이는 리얼타임 뉴스' 머니투데이, 무단전재 및 재배포 금지>
	
"
"NH농협카드, '올바른 POINT UP카드' 출시","




// flash 오류를 우회하기 위한 함수 추가
function _flash_removeCallback() {}

	
	[머니투데이 주명호 기자] NH농협카드는 전월실적과 적립한도 제한 없이 국내·외 가맹점 어디서나 NH포인트가 적립되는 ‘올바른 POINT UP카드’를 출시했다고 8일 밝혔다.두 종류의 등급(일반/PLUS)으로 구성 된 ‘올바른 POINT UP카드’는 전월실적 구분 없이 국내·외 가맹점에서 0.7% NH포인트 적립을 제공하며 농협 우수고객(하나로가족고객)일 경우 우대적립서비스를 통해 전월실적에 따라 최대 0.3%까지 추가로 적립받을 수 있다.여기에 추가적립서비스를 통해 △쇼핑(하나로마트·클럽) △편의점·잡화(GS25, CU, 올리브영) △영화(CGV) △커피·제과(스타벅스, 파리바게뜨) △해외 이용액(면세점 포함) △교통(버스/지하철, 택시) 업종 이용 시 전월실적에 따라 0.5% ~ 1%까지 추가로 적립 받을 수 있다.이외에도 국제공항 라운지 무료이용(연 2회) 서비스 및 농협 인터넷·모바일·스마트·텔레뱅킹 이체수수료를 면제(월 10회) 받을 수 있다.PLUS등급 선택 시 추가적립서비스를 0.7% ~ 1.2%까지 상향하여 제공하며, 대상 업종도 이동통신(SKT, KT, LGU+)이 추가된다. 뿐만 아니라 국제브랜드 프리미엄 서비스(공항·호텔 발레파킹 등) 및 채움 PLUS등급 서비스(CGV 2000원 할인 등)를 추가로 제공받을 수 있다. 기타 자세한 내용은 전국 NH농협 영업점 및 NH농협카드 홈페이지·앱에서 확인할 수 있다. 주명호 기자 serene84@mt.co.kr▶주식투자 감 잡고 싶다면 [재테크 칼럼]▶바람 피운 배우자 4가지 징후 [변호사 가사상담] ▶주요 이슈만 콕콕! <저작권자 ⓒ '돈이 보이는 리얼타임 뉴스' 머니투데이, 무단전재 및 재배포 금지>
	
"
"NH농협카드, 혹서기 맞이 취약계층 나눔행사","




// flash 오류를 우회하기 위한 함수 추가
function _flash_removeCallback() {}

	
	[머니투데이 주명호 기자] NH농협카드는 지난 7일 서울 서대문구에 위치한 서대문노인종합복지관에 방문하여 관내 어르신들을 대상으로 “혹서기 복지 용품” 나눔 행사를 실시했다고 8일 밝혔다.지역 내 취약계층 어르신들의 시원한 여름나기를 위해 마련 된 이번 행사에서는 NH카드봉사단 성금과 우리농업지키기운동본부 후원으로 마련한 선풍기, 수박, 목우촌 삼계탕으로 구성 된 “여름나기 물품” 전달식이 진행됐다.또한 행사에 참여한 NH농협카드 임직원들이 관내 어르신들의 가정에 위문방문하여 준비한 물품을 전달했으며, 어르신들의 고충과 어려움을 나누기 위한 말벗활동을 통해 더위로 고생하는 어르신들에게 활력을 불어 넣었다.이인기 NH농협카드사장은 “이번 행사를 위해 준비한 물품을 통해 어르신들께서 잠시나마 더위를 잊을 수 있기를 바란다”며 “앞으로도 다양한 사회공헌활동을 통해 기업의 사회적 책임을 다하고, 나눔·상생의 가치를 실천하기 위해 노력하겠다”고 밝혔다. 주명호 기자 serene84@mt.co.kr▶주식투자 감 잡고 싶다면 [재테크 칼럼]▶바람 피운 배우자 4가지 징후 [변호사 가사상담] ▶주요 이슈만 콕콕! <저작권자 ⓒ '돈이 보이는 리얼타임 뉴스' 머니투데이, 무단전재 및 재배포 금지>
	
"
"국민행복기금서 추심받던 60만명, 특별 채무조정 실시","




// flash 오류를 우회하기 위한 함수 추가
function _flash_removeCallback() {}

	
	[머니투데이 김진형 기자] [상담·채무조정 신청시 채권추심 중단하고 최대 92.2% 채무 탕감 ]국민행복기금과 채무조정약정을 맺지 않아 추심을 받아온 채무자들을 대상으로 한 특별 채무조정 프로그램이 시작된다. 약 60만명(채무액 5조6000억원)이 대상이다. 이들은 최대 92.2%의 채무를 탕감받고 추심의 고통에서도 벗어날 수 있다. 국민행복기금의 운영기관인 한국자산관리공사(캠코)와 전국 13개 금융복지상담센터는 8일 업무협약을 맺고 9월2일부터 '추심없는 채무조정'을 시작하기로 했다. 이번 프로그램의 대상은 국민행복기금이 채권을 보유하고 있지만 채무조정 약정을 맺지 않아 추심을 받고 있는 59만9000명이 대상이다. 이들은 채무금액은 5조6000억원에 달한다. 업무협약에 따라 이들이 금융복지상담센터에 상담을 신청하면 국민행복기금은 위탁 또는 직접 추심을 중단하게 된다. 또 대상자들은 금융복지상담센터의 상담확인서를 첨부해 국민행복기금에 채무조정을 신청하면 원금에 대해 특별감면율을 적용한다. 현재는 소득 수준에 따라 30~90%의 원금감면율이 적용되지만 이들에 대해선 45.4～92.2%까지 채무를 감면해 준다. 국민행복기금은 많은 이들이 참여할 수 있도록 이달말 대상자들에게 개별적으로 ‘추심없는 채무조정’ 지원 안내문을 발송할 예정이다. 손병두 금융위원회 부위원장은 이날 협약식에 참석해 ""이번 시도가 채권자인 국민행복기금은 추심비용을 줄이면서 회수율을 높이고 채무자는 추심고통 없이 추가적인 감면까지 받을 수 있는 모두에게 이익이 되는 상생 구조임을 증명할 수 있다면 향후 채무조정 중심의 회수관행 개선에 큰 도움이 될 것""이라고 말했다. 김진형 기자 jhkim@mt.co.kr▶주식투자 감 잡고 싶다면 [재테크 칼럼]▶바람 피운 배우자 4가지 징후 [변호사 가사상담] ▶주요 이슈만 콕콕! <저작권자 ⓒ '돈이 보이는 리얼타임 뉴스' 머니투데이, 무단전재 및 재배포 금지>
	
"
"소재·부품 '탈일본'…대기업, 정부 R&D 참여땐 2배 지원","




// flash 오류를 우회하기 위한 함수 추가
function _flash_removeCallback() {}

	
	[머니투데이 세종=박경담 기자] [산업부 '산업기술 R&D 제도 개편안' 발표…대기업, 중소기업과 같은 인센티브 혜택] (서울=뉴스1) 구윤성 기자 = 1일 오후 서울 서초구 삼성전자 딜라이트를 찾은 관람객이 전시된 반도체웨이퍼를 살펴보고 있다.  일본 정부는 이날 플루오린 폴리이미드, 리지스트, 고순도 불화수소(에칭가스) 등 반도체와 디스플레이 패널 핵심소재에 쓰이는 3개 품목에 대해 한국 수출 규제를 강화한다고 공식 발표했다.  추가로 외국환관리법상 우대제도인 '화이트(백색) 국가' 대상에서 한국을 아예 제외하는 내용으로 정령(한국의 시행령에 해당)을 개정하기 위해 이날부터 의견수렴에 들어간다고 밝혔다. 2019.7.1/뉴스1   <저작권자 © 뉴스1코리아, 무단전재 및 재배포 금지>대기업이 핵심 소재·부품·장비를 공급받는 수요기업으로서 정부 R&D(연구개발) 과제 사업에 참여할 경우 재원 부담액이 절반으로 줄어든다. 또 일본 수출규제에 대응한 핵심 소재·부품·장비 국산화는 정부가 기술과 개발기관을 콕 집는 비공개 정책지정 과제로 추진한다. 성윤모 산업통상자원부 장관은 8일 대전 화학연구원에서 소재·부품 분야 11개 공공연구기관과 간담회를 열고 이 같은 내용의 '산업기술 R&D 제도 개편안'을 발표했다.  정부 R&D 과제에 수요기업으로 참여한 대기업은 공급기업인 중소·중견기업과 같은 수준으로 정부 출연금을 지원받는다. R&D 과제 총사업비가 100이라면 그 동안 대기업은 최대 33%까지 출연금을 받았다. 앞으로 정부 출연금 지원 규모는 중소기업 수준인 최대 67%로 확대된다. 10억원짜리 R&D 과제를 예로 들면 대기업에 대한 정부 출연금 지원은 3억3000만원에서 6억7000만원으로 두 배 뛴다. 대기업 몫 중 현금 부담액 기준 역시 기존 60% 이상에서 중소기업과 같은 40% 이상으로 낮췄다. 대기업은 현금 대신 인건비나 연구장비 등으로 재원을 더 부담할 수 있게 된다. 수요기업은 R&D 결과물의 성능 평가 및 검증 역할을 하는 기업으로 정의했다. 중소·중견기업이 개발한 소재·부품을 상용화할 수 있는지 공장에서 테스트할 수 있는 기업이란 의미다. 또 대기업이 공급기업과 공동 개발한 소재·부품을 구매하면 기술료 감면, 후속 R&D 과제 우대가점 등을 부여하기로 했다. 산업부 관계자는 ""일본에서 쓰던 소재·부품을 국산화하는 과정에 참여하는 대기업은 국내 생태계 조성을 돕기 때문에 부담을 낮춰줄 필요가 있다""며 ""그 동안 출연금 지원 규모가 적어 정부 R&D 과제 참여를 주저하던 대기업에 인센티브를 강화하면 R&D 성과도 높아질 것""이라고 말했다. 산업부는 정책지정도 적극 활용할 방침이다. 기술개발이 시급하거나 R&D 과제를 비공개할 필요가 있는 경우엔 개발 기술과 수행기관을 따로 지정하는 방식이다. 비공개 수의계약 형태다. 성윤모 산업통상자원부 장관이 5일 오전 서울정부청사에서 열린 '소재부품장비 경쟁력 강화 대책 브리핑'에 참석해 발언을 하고 있다. / 사진=김휘선 기자 hwijpg@통상 R&D 과제는 공모방식을 통해 추진된다. 산업부는 공모방식을 통하면 한국이 개발하려는 기술을 일본에 노출할 수 있다고 판단했다. 또 R&D 사업을 공개할 경우, 삼성전자 등 한국 기업과 거래하는 일본 소재·부품 기업이 계약을 중단할 수 있는 점도 고려했다. 산업부는 우선 올해 추가경정예산을 통해 정책지정 방식을 확산할 계획이다. 추경 중 소재·부품 개발 비용은 650억원이다. 이 예산은 정책지정과 공모 방식에 투입된다. 산업부는 또 R&D 과제 총사업비 중 절반까지 외부기술 도입을 위해 쓸 수 있도록 했다. 기존에는 외부기술 도입을 위해 사업비를 얼마까지 투입할 수 있는지 기준이 없었다. 국내 기술력만으로 개발하기엔 시간이 오래 걸리는 핵심 소재·부품은 독일, 미국 등에서 기술을 수입할 수 있게 됐다. 맨 땅에 헤딩하는 대신 지름길을 찾자는 것이다. 외부기술은 국산화를 목적에 둔 최종 기술을 뜻하진 않는다. 최종 기술에 도달하는 과정 상 중간 단계의 기술에 가깝다. 성 장관은 ""공공연구기관이 기업과 한 몸처럼 협력·소통해 소재·부품 핵심기술을 확보하고 공급기업이 개발한 소재·부품이 수요기업과 긴밀히 연계될 수 있도록 신뢰성 확보, 실증 및 양산의 전 과정을 밀착 지원해달라""며 ""기업의 공급 대체선 다변화 지원, 기술 매칭과 공동 연구 등을 적극 추진해달라""고 말했다. 이날 간담회에 참석한 연구기관은 일본이 추가로 수출규제할 수 있는 품목을 개발하겠다고 소개했다. 화학연구원은 이차전지 소재·수소차 전해질 소재 등 미래신산업 핵심소재 개발에 주력하겠다고 했다. 기계연구원은 로봇용 감속기·초저온냉동기 등 핵심부품 기술 자립화에 집중할 계획이라고 밝혔다.세종=박경담 기자 damdam@mt.co.kr▶주식투자 감 잡고 싶다면 [재테크 칼럼]▶바람 피운 배우자 4가지 징후 [변호사 가사상담] ▶주요 이슈만 콕콕! <저작권자 ⓒ '돈이 보이는 리얼타임 뉴스' 머니투데이, 무단전재 및 재배포 금지>
	
"
소·부·장 분야 해외기업 M&A하면 법인세 감면,"




// flash 오류를 우회하기 위한 함수 추가
function _flash_removeCallback() {}

	
	[머니투데이 세종=민동훈 기자] [소·부·장 탈일본 세제지원 3종세트 입법예고…수요기업 공동출자시 출자금 5% 세액공제] 국내 기업이 핵심 소재·부품·장비 해외 전문기업을 인수·합병(M&A)하거나 소·부·장 분야 기업에 공동출자하면 법인세를 공제한다.기획재정부는 일본의 경제도발에 대응하기 위해 발표한 정부의 소·부·장 경쟁력 강화 대책 후속조치로 이러한 내용의 '조세특례제한법 개정안'을 이달 16일까지 입법예고한다고 8일 밝혔다.개정안을 구체적으로 살펴보면 우선 소재·부품·장비 관련 외국법인 인수시 세액공제 항목을 신설한다. 해외 소재·부품·장비 전문기업 인수금액에 대해 대기업은 5%, 중견기업 7%, 중소기업 10%의 공제율로 법인세 세액공제를 해준다. 발행주식 총수의 50%를 초과하거나 30% 넘게 취득하면서 경영권도 가져오는 경우 혜택을 받을 수 있다.전략물자 등 국내 밸류체인 핵심품목 중 단기간 내에 기술확보가 어려운 분야는 전문성을 갖춘 해외기업 M&A를 통해 해결방도를 찾도록 하겠다는 것이다. 세액공제 혜택은 일단 내년부터 2022년12월31일까지 3년간 한시적으로 시행한다.단 5년 이내의 범위에서 대통령령이 정하는 기간 동안 사후관리 기간을 두기로 했다. 사후관리기간 중 인수당한 회사의 지배주주가 인수법인의 지배주주가 되거나 다시 재인수하는 경우, 인수기업의 피인수기업 지분율이 낮아지는 경우 등은 세액공제액에 이자상당액을 가산해 추징할 방침이다.소재·부품·장비기업의 연구·인력개발 및 설비투자를 촉진하기 위한 세제혜택 규정도 신설한다. 수요기업이 공동으로 소재·부품·장비 관련 중소·중견기업에 연구·인력개발 및 설비투자를 목적으로 공동출자(유상증자)를 하면 출자금액의 5%를 법인세 세액공제한다. 내년 1월1일부터 12월31일까지 1년간 한시적용한다.소재·부품·장비 분야 외국인 기술자에 대해 소득세를 감면해 주는 내용도 신설한다. 구체적 적용대상은 추후 시행령을 통해 규정할 방침이이다. 소득세 감면율은 처음 3년엔 70%, 이후 2년 50%를 적용한다.조특법 개정안은 이후 차관회의, 국무회의를 거쳐 다음달 3일 정기국회에 제출할 예정이다.세종=민동훈 기자 mdh5246@mt.co.kr▶주식투자 감 잡고 싶다면 [재테크 칼럼]▶바람 피운 배우자 4가지 징후 [변호사 가사상담] ▶주요 이슈만 콕콕! <저작권자 ⓒ '돈이 보이는 리얼타임 뉴스' 머니투데이, 무단전재 및 재배포 금지>
	
"
동물복지농장 인증 56곳중 소·돼지 각각 1곳 그쳐,"




// flash 오류를 우회하기 위한 함수 추가
function _flash_removeCallback() {}

	
	[머니투데이 세종=정혁수 기자] [농림축산검역본부, 2018년 동물복지 축산농장 인증 실태 조사 결과…대부분 양계농장 96% 차지] 지난 해 동물복지 축산농장으로 인증을 받은 농장은 모두 56개소로 산란계와 육계 농장 등 양계농장이 전체 96%를 차지했다. 양돈 농장과 젖소 농장은 각각 1개소에 그쳤다.농림축산검역본부는 이같은 내용의 '2018년 동물복지 축산농장 인증실태' 조사결과를 8일 발표했다.동물복지 축산농장 인증제는 동물이 본래의 습성 등을 유지하면서 정상적으로 살 수 있도록 관리하는 축산농장을 인증하는 제도다. 2012년 산란계를 대상으로 첫 도입된 후 현재까지 양돈(2013년), 육계(2014년), 한우·육우, 젖소, 염소(2015년), 오리(2016년) 등 7개 축종에서 시행되고 있다.지난 해 동물복지 축산농장으로 인증받은 신규 농장은 56개소로, 양계 농장(산란계와 육계 농장)이 전체 96%를 차지했다.축종별로는 산란계 농장 26개소, 육계 농장 28개소, 양돈 농장과 젖소 농장 각각 1개소로 나타났다.지역별로는 전라도 31개소, 충청도와 경상도는 각각 7개소, 강원도와 경기도는 각각 4개소, 인천은 2개소, 제주는 1개소였다. 동물복지 축산농장으로 인증된 농가는 전년대비 36.6% 증가한 총 198개소로 집계됐다. 제도가 도입된 2012년 34개소로 출발, △2014년 60개 △2016년 114개 △2017년 145개 △2018년 198개를 기록했다.축종별 동물복지 축산농장 비율은 산란계 11.7%, 육계 3.8%, 양돈 0.2%, 젖소 0.1%로 조사됐다.  지역별 동물복지 축산농장은 전라도가 42.9%로 가장 많았고 충청도가 24.7%로 뒤를 이었다. 지역별 복지농장을 보면, 전라 85, 충청 49, 경기 22, 경상 22, 강원 14, 제주 4, 인천 2 순이었다.농림축산검역본부 김기연 동물보호과장은 ""지난 해 동물복지 축산농장 인증이 전년대비 36.6% 증가한 점은 동물복지형 축산물에 대한 국민들의 관심과 인식이 높아진 결과""라며 ""동물복지 축산농장 인증제가 생산자, 유통, 소비자 변화를 이끄는 계기가 될 수 있도록 적극 노력 하겠다""고 말했다.세종=정혁수 기자 hyeoksooj@.▶주식투자 감 잡고 싶다면 [재테크 칼럼]▶바람 피운 배우자 4가지 징후 [변호사 가사상담] ▶주요 이슈만 콕콕! <저작권자 ⓒ '돈이 보이는 리얼타임 뉴스' 머니투데이, 무단전재 및 재배포 금지>
	
"
"전기차 떨게한 '도깨비 광물', 코발트의 추락","




// flash 오류를 우회하기 위한 함수 추가
function _flash_removeCallback() {}

	
	[머니투데이 안정준 기자] [1년새 61% 뛴 코발트, 1년새 다시 70% 추락…'풍선효과'로 니켈 가격 급등]전기차 배터리업계를 떨게 한 '코발트 공포'가 걷혔다. 불과 1년 사이 가격이 급격히 하락 반전해 코발트를 배터리 주요 원재료로 사용하는 업계에 숨통이 트였다. 하지만 또 다른 원재료인 니켈 가격이 풍선효과처럼 뛰어오르기 시작한다. '도깨비 광물'로 통한 코발트 자리를 니켈이 대신하는 것 아니냐는 분석이 나온다.8일 파이낸셜타임스에 따르면, 원자재 업체 글렌코어는 최근 아프리카 콩고에서 운영 중인 코발트 광산 '무탄다 광산'의 채굴을 올해 말부터 중단한다고 발표했다. 무탄다는 세계 최대 코발트 광산이다. 지난해 전 세계 코발트 생산량의 약 20%가 이 곳에서 채굴됐다. 배터리업계는 이 소식을 코발트 가격 부담이 걷힌 상징적 사건으로 받아들인다. A배터리사 관계자는 ""코발트 가격이 빠른 속도로 떨어졌고 당분간 반등하기도 힘들 것이라는 전망이 나온다""며 ""무탄다 생산 중단은 결국 이 같은 이유 탓에 광산 채산성 유지가 힘들다는 뜻""이라고 말했다. 코발트는 지난해 상반기까지만 해도 전체 광물 중 가격 상승속도가 가장 빠른 광물이었다. 월평균 가격 기준 지난해 4월 톤당 9만862달러를 찍으며 역사적 고점을 기록했다. 10년 가량 2~3만 달러 선을 유지하던 이 광물이 역사적 고점까지 도달하는데 걸린 시간은 1년 남짓이었다. 가격은 1년 사이 무려 61.5% 뛰었다.가격을 밀어올린 것은 전기차 배터리 수요 확대였다. 여기에 전 세계 코발트의 절반이 생산되는 콩고 내전이 겹쳤다. 코발트(cobalt)라는 이름은 독일어 'Kobold(도깨비)'가 어원인데, 말 그대로 배터리업계엔 '도깨비 광물'이 됐다. 원가 구조상 배터리 가격의 10% 가량을 차지한 코발트 탓에 업계 수익성이 휘청댔다. SK이노베이션, LG화학, 삼성SDI 등은 중국 코발트 생산사와 합작을 모색하는 등 수급 대책마련에 나섰다.  하지만, 고점에서 무탄다 생산 중단까지 가격이 추락한 속도는 더욱 빨랐다. 올해 8월 평균 가격은 톤당 2만7020달러. 약 1년간 고점에서부터 70.2%가 빠졌다. 추락의 배경은 콩고에서의 생산 급증이다. 2017년 8만톤이던 생산량이 지난해 10만톤을 훌쩍 넘겼을 것으로 추정된다. 이에 따라 현지 내전 탓에 공급이 수요를 따라잡지 못할 것이라는 우려가 걷혔고 투기세력도 빠져나갔다. 무엇보다 몸값이 뛴 코발트 사용을 줄이려는 업계 노력이 이어졌다. 한국 배터리 3사는 물론, 중국 업계도 'NCM811'(니켈, 코발트, 망간 비중 8:1:1 양극재) 타입 채택에 나섰다. 기존 'NCM523'(니켈5, 코발트2, 망간3)과 'NCM622'(니켈6, 코발트2, 망간3)보다 코발트 함량이 작은 배터리다. 물론, 코발트 대신 니켈 함량이 올라간 만큼 배터리 용량이 늘어나 이를 탑재한 전기차 주행거리도 늘어나는 1석 2조 효과도 볼 수 있다. 니켈은 배터리 용량, 코발트는 배터리 출력에 관여한다. B배터리사 관계자는 ""일단 코발트 부담은 걷혔지만 또 다른 주요 원재료인 니켈 가격 상승세가 심상치 않다""고 말했다. 월 평균 니켈 가격은 이달 톤당 1만4686달러다. 올해 1월 대비로 28.2% 뛰었다. '풍선효과'라는 것이 업계 중론이다. 'NCM811' 타입 채택이 늘어나며 코발트 사용은 줄어들고 있지만, 대신 니켈 비중이 늘어났다는 것이다. 전기차 주행거리 확보를 위해 니켈 비중을 더 끌어올리려는 시도도 계속돼 니켈 사용은 더 늘어날 수 있다. 현재 업계에서는 9(니켈): 0.5(코발트): 0.5(망간) 배터리 개발도 진행 중이다. 한 업계 관계자는 ""전기차 수요가 추후 한층 늘어나 배터리 관련 소재 가격이 출렁일 것은 기정 사실""이라며 ""때문에 전반적인 주요 소재 공급망을 탄탄하게 다져두는 것 외에 방법이 없다""고 말했다.  안정준 기자 7up@mt.co.kr▶주식투자 감 잡고 싶다면 [재테크 칼럼]▶바람 피운 배우자 4가지 징후 [변호사 가사상담] ▶주요 이슈만 콕콕! <저작권자 ⓒ '돈이 보이는 리얼타임 뉴스' 머니투데이, 무단전재 및 재배포 금지>
	
"
"카카오페이, 누적 가입자 수 3000만명 돌파","




// flash 오류를 우회하기 위한 함수 추가
function _flash_removeCallback() {}

	
	[머니투데이 주명호 기자] 카카오페이는 누적 가입자 수가 3000만명을 돌파했다고 8일 밝혔다. 월간활성사용자수(MAU)도 업계 최고 수준인 1900만 명에 달한다.카카오페이 플랫폼 내에서 거래되는 규모도 크게 증가했다. 결제와 송금 맥락에서 확장된 투자·청구서·멤버십·인증 서비스와 올해 신규 출시된 통합조회·영수증·배송 서비스, 환전·해외여행자보험 등 각종 제휴 서비스의 이용이 고르게 확대되며 올해 상반기에만 약 22조 원이 거래됐다. 이는 6개월 만에 지난해 연간 거래액을 초과 달성한 것이다. 카카오페이는 안전하게 거래할 수 있는 환경을 제공하기 위해 2017년 4월부터 보안 환경과 정책, 프로세스를 체계화한 ‘안심(安心) 프로젝트’를 시행하고 있다. 모든 거래는 365일 24시간 이상거래감지시스템(FDS)로 모니터링하여 대비하고 있으며, 일반 고객센터와 분리된 보안전담 신고센터가 항시 운영된다. 문의 채널도 챗봇과 상담톡, 전화, 메일 등 다양하게 운영해 사용자 편의성을 높였다.카카오페이는 개인 정보 보호와 관련된 주요 인증을 모두 획득했으며, 카카오페이에서 제공하는 다양한 금융 서비스를 지속적으로 관리하고 있다. ‘카카오페이 투자’ 서비스로 8개월 간 판매된 투자 상품은 현재까지 모두 100% 상환율을 달성 중이다.카카오페이는 관계자는 ""지속적인 도전과 혁신, 파트너사와의 협력을 통해 사용자들이 마음 놓고 금융 생활 할 수 있는 생태계를 확장하기 위해 노력하겠다”고 밝혔다. 주명호 기자 serene84@mt.co.kr▶주식투자 감 잡고 싶다면 [재테크 칼럼]▶바람 피운 배우자 4가지 징후 [변호사 가사상담] ▶주요 이슈만 콕콕! <저작권자 ⓒ '돈이 보이는 리얼타임 뉴스' 머니투데이, 무단전재 및 재배포 금지>
	
"
"KT, 이노그리드와 공공 클라우드 시장 공략 나선다","




// flash 오류를 우회하기 위한 함수 추가
function _flash_removeCallback() {}

	
	[머니투데이 김주현 기자] [특화 클라우드 운영·구축 노하우 합쳐 공공기관 전용 상품·컨설팅 선보일 예정]KT 클라우드사업 담당 김주성 상무(사진 오른쪽)와 이노그리드 김명진 대표(사진 왼쪽)가 협약식을 체결하고 기념촬영을 하고 있다/사진제공=KTKT가 8일 클라우드 컴퓨팅 전문기업 이노그리드와 서울 KT 광화문 사옥에서 공공 클라우드 사업 활성화 업무 협약을 체결했다.이노그리드는 국내 클라우드 컴퓨팅 전문기업으로 공공기관 대상 프라이빗 클라우드 구축에 강한 회사다. 공공 기관을 위한 'G클라우드잇' 제품과 기업 전용 솔루션 '클라우드잇', '오픈스택잇' 등을 보유했다. 농촌진흥청과 창업진흥원, 한국뇌연구원 등에 해당 솔루션을 공급하고 있다. KT는 2016년 공공기관 클라우드 서비스 'G-클라우드'를 선보인 데 이어 국내사업자 중 처음으로 한국인터넷진흥원(KISA) 보안인증을 획득했다. 이를 바탕으로 헌법재판소, 정보통신산업진흥원, 한국전자통신연구원 등 300여개 공공기관 클라우드 운영 경험을 쌓았다. 양사는 이번 협력으로 KT의 공공 특화 클라우드(G-클라우드, PPP)에 이노그리드 통합관리 솔루션을 활용한 하이브리드 클라우드를 론칭한다. 또 공공기관 전용 클라우드 도입 컨설팅 등을 진행할 예정이다.김주성 KT 클라우드 사업담당 상무는 ""공공·금융 등 특화 클라우드에 운영 노하우를 갖고 있는 KT와 프라이빗 클라우드 구축 경험이 풍부한 이노그리드가 협력해 공공시장에서 경쟁력을 확보하길 바란다""며 ""향후 공공기관이 클라우드 도입에 어려움을 겪지 않도록 다양한 서비스를 선보이겠다""고 말했다. 김주현 기자 naro@▶주식투자 감 잡고 싶다면 [재테크 칼럼]▶바람 피운 배우자 4가지 징후 [변호사 가사상담] ▶주요 이슈만 콕콕! <저작권자 ⓒ '돈이 보이는 리얼타임 뉴스' 머니투데이, 무단전재 및 재배포 금지>
	
"
"탑엔지니어링, 더미 제거·스크라이브 장치 관련 특허권 취득","




// flash 오류를 우회하기 위한 함수 추가
function _flash_removeCallback() {}

	
	[머니투데이 김현아 기자] 탑엔지니어링은 더미 제거 장치 및 이를 포함하는 스크라이브 장치에 관한 특허권을 취득했다고 8일 공시했다. 회사 측은 ""기판의 전방 더미를 제거하는 클램핑 어레이와 후방 더미를 제거하는 클램핑 어레이를 클램핑부 장착부에 별개로 구비해 기판 더미를 효과적으로 제거할 수 있고, 장치 크기를 증가시키지 않는 더미 제거 장치 및 스크라이브 장치를 제공할 수 있다""고 설명했다. 김현아 기자 jvdith@mt.co.kr▶주식투자 감 잡고 싶다면 [재테크 칼럼]▶바람 피운 배우자 4가지 징후 [변호사 가사상담] ▶주요 이슈만 콕콕! <저작권자 ⓒ '돈이 보이는 리얼타임 뉴스' 머니투데이, 무단전재 및 재배포 금지>
	
"
"비씨카드, ‘위 베어 베어스’와 캐릭터 제휴","




// flash 오류를 우회하기 위한 함수 추가
function _flash_removeCallback() {}

	
	[머니투데이 주명호 기자] 비씨카드는 미국 카툰네트워크(Cartoon Network) 애니메이션 ‘위 베어 베어스(We Bare Bears)’와 캐릭터 제휴를 맺었다고 8일 밝혔다. 이번 제휴를 통해 고객사의 상품 경쟁력을 강화하는데 적극 지원하겠다는 복안이다.비씨카드는 앞으로 ‘위 베어 베어스’ 캐릭터를 활용해 카드 플레이트를 디자인하는 등 고객사의 캐릭터 카드 상품 출시를 지원할 계획이다. 또한 ‘위 베어 베어스’ 제휴 프로모션과 각종 캐릭터 굿즈(goods)를 통해 고객사의 제휴 마케팅을 적극 강화할 방침이다.  먼저 BNK경남은행, MG새마을금고에서 이달 중 먼저 ‘위 베어 베어스’ 체크카드 상품을 출시할 예정이다. 하반기에는 신협, 광주은행에서도 제휴 체크카드 상품을 만나볼 수 있게 된다. 비씨카드는 더 많은 고객이 ‘위 베어 베어스’ 제휴 상품 및 서비스를 이용할 수 있도록 다른 고객사와도 적극 협의할 계획이다.‘위 베어 베어스’는 ‘카툰네트워크’사가 2015년부터 방영하고 있는 인기 애니메이션 시리즈다. ‘그리즐리’, ‘판다’, ‘아이스베어’ 곰 삼형제의 유쾌한 일상과 캐릭터 특유의 귀엽고 엉뚱한 매력으로 많은 사랑을 받고 있다.주명호 기자 serene84@mt.co.kr▶주식투자 감 잡고 싶다면 [재테크 칼럼]▶바람 피운 배우자 4가지 징후 [변호사 가사상담] ▶주요 이슈만 콕콕! <저작권자 ⓒ '돈이 보이는 리얼타임 뉴스' 머니투데이, 무단전재 및 재배포 금지>
	
"
"일본 증시, 보합 마감...닛케이 0.37%↑","




// flash 오류를 우회하기 위한 함수 추가
function _flash_removeCallback() {}

	
	[머니투데이 강기준 기자] 일본 증시가 8일 보합 마감했다. 닛케이225지수는 전장대비 0.37% 오른 2만593.35에 거래를 마쳤다. 강기준 기자 standard@mt.co.kr▶주식투자 감 잡고 싶다면 [재테크 칼럼]▶바람 피운 배우자 4가지 징후 [변호사 가사상담] ▶주요 이슈만 콕콕! <저작권자 ⓒ '돈이 보이는 리얼타임 뉴스' 머니투데이, 무단전재 및 재배포 금지>
	
"
새아파트 청약 때 예비당첨자 '복불복' 없앤다,"




// flash 오류를 우회하기 위한 함수 추가
function _flash_removeCallback() {}

	
	[머니투데이 박미주 기자] [예비당첨자 수 미달 상관없이 추첨 아닌 가점 순 적용으로 규칙 개정]'청량리역 롯데캐슬 SKY-L65' 견본주택 내부 모습/사진= 임성균 기자앞으로 새 아파트 가점제 청약 시 예비당첨자 수가 미달해도 추첨이 아닌 가점 순으로 당첨자를 뽑는다.예비당첨자는 당첨자가 계약을 포기할 경우를 대비해 높은 가점 순으로 순번을 정하고 미계약이 발생하면 순서대로 계약할 수 있다.국토교통부는 8일 예비입주자 수 미달 시 추첨제로 순번을 정하도록 한 '주택공급에 관한 규칙' 개정을 검토한다고 밝혔다. 예비입주자 가점순 선정을 위해서다.현재는 청약자가 예비입주자 수를 충족하면 가점, 미달하면 추첨으로 당첨자를 뽑게 돼 있다. 투기과열지구에선 예비당첨자 선정비율이 전체 공급물량의 500%(5배수)다. 당첨자와 예비당첨자까지 합쳐 주택형마다 최소 6대 1의 경쟁률이 나와야 예비당첨자 수가 미달하지 않는다.그런데 이 기준을 적용했을 때 가점이 높은데도 순번이 뒤로 밀린 상황이 발생해 불합리하다는 지적이 나왔다. 무주택자 당첨 기회를 넓힌다는 정부 취지에도 맞지 않는다는 것이다.실제 지난달 말 진행된 '청량리역 롯데캐슬 SKY-L65' 당해지역 1순위 청약에서 전용면적 84㎡A형과 176㎡형이 예비당첨자 500% 기준을 채우지 못했다. 이에 금융결제원과 롯데건설은 기타지역 1순위 청약자를 대상으로 예비입주자를 추가모집하면서 추첨제로 순번을 정했다. 기타지역 신청자는 가점제로 순번을 정했다. 그 결과 가점 27점인 사람의 예비당첨자 순번이 40점인 사람보다 앞선 경우도 있었다.이에 국토부 관계자는 ""당해지역 예비당첨자 순번을 가점순으로 정하고 기타지역 예비당첨자는 그 다음 번호를 가점순으로 부여받도록 하는 방안을 검토하고 있다""고 말했다.박미주 기자 beyond@mt.co.kr▶주식투자 감 잡고 싶다면 [재테크 칼럼]▶바람 피운 배우자 4가지 징후 [변호사 가사상담] ▶주요 이슈만 콕콕! <저작권자 ⓒ '돈이 보이는 리얼타임 뉴스' 머니투데이, 무단전재 및 재배포 금지>
	
"
"국민은행, 소재·부품 중기 지원 특화상품 출시","




// flash 오류를 우회하기 위한 함수 추가
function _flash_removeCallback() {}

	
	[머니투데이 변휘 기자] 지난 7일 KB국민은행 서울 여의도 본점에서 열린 '소재,부품 기술혁신 중소기업 금융지원 업무협약식'에서 김영춘 기술보증기금 이사(왼쪽)와 신덕순 KB국민은행 중소기업고객그룹 대표가 기념촬영을 하고 있다./사진제공=KB국민은행KB국민은행은 지난 7일 여의도 본점에서 기술보증기금과 '소재·부품 기술혁신 중소기업 금융지원 업무협약'을 체결했다.이번 협약은 일본의 수출 규제로 국산화 필요성이 높아진 소재·부품산업의 자립, 기술혁신 중소기업의 경쟁력 강화를 지원하기 위해 이뤄졌다.지원 대상은 '소재·부품 전문기업 등의 육성에 관한 특별조치법'에 따른 소재·부품 영위 기업이다. 기술보증기금은 국민은행의 특별출연과 보증료 지원을 통해 보증비율·보증료율을 우대해 총 1000억원의 협약보증서를 발급한다. 국민은행은 이를 담보로 부품·소재기업 전용 대출 상품을 연계해 자금을 지원한다. 한편 국민은행이 출시하는 'KB 소재·부품기업 우대대출'은 산업통상자원부의 '소재·부품전문기업 확인서'를 보유한 기업 또는 기술보증기금으로부터 협약보증서를 발급받은 혁신기업 특화 상품이다. 특히 신용등급·담보비율·기술등급·일자리 창출 실적에 따라 최대 2.8%포인트(p)의 우대금리를 적용한다. 판매 한도는 1조원이다. 대출 신청은 오는 14일부터 가까운 국민은행 영업점에서 가능하다.변휘 기자 hynews@▶주식투자 감 잡고 싶다면 [재테크 칼럼]▶바람 피운 배우자 4가지 징후 [변호사 가사상담] ▶주요 이슈만 콕콕! <저작권자 ⓒ '돈이 보이는 리얼타임 뉴스' 머니투데이, 무단전재 및 재배포 금지>
	
"
"최재성 ""후쿠시마 농산물, 올림픽 식탁에…국제적 지탄 면치 못할 것""","




// flash 오류를 우회하기 위한 함수 추가
function _flash_removeCallback() {}

	
	[머니투데이 이지윤 , 박선영 인턴 기자] [[the300]""日 '톤다운' 전혀 아냐…여전히 아베 정부 손에 놓여 있어""]최재성 더불어민주당 일본경제침략대책특별위원장이 8일 오전 서울 여의도 국회에서 열린 일본경제침략대책특별위원회 전체회의에서 발언하고 있다./사진=홍봉진 기자최재성 더불어민주당 일본경제침략대책특별위원회 위원장이 ""아베 정부가 정치적 홍보 목적으로 후쿠시마 농수산물을 도쿄 올림픽 선수단 식탁에 올리겠다는 것은 참가대상국에 심각한 우려""라고 밝혔다.최 위원장은 8일 오전 국회에서 열린 특위 전체회의에서 ""도쿄 올림픽 참가 여부와는 별개로 방사능에 오염된 농수산물로 선수단의 식탁을 꾸리겠다는 아베 정부의 황당 조치는 국제적 지탄을 면치 못할 것""이라며 이같이 말했다.최 위원장은 ""후쿠시마 원전의 방사능 오염에 대해 일본 정부가 일관되게 은폐‧축소해왔다""며 ""체르노빌과 비교했을 때 이는 여실히 증명된다. 체르노빌은 여전히 30km 접근금지인데 일본 (후쿠시마는) 4~5km까지 접근이 가능하다""고 설명했다.이어 최 위원장은 일본이 반도체 일부 소재 수출을 허가했다는 일본 매체의 보도와 관련 ""본질은 여전히 규제""라고 강조했다. 그는 ""(반도체 일부 소재 수출 허가는) 3개월 치에 한해 첫 허가를 해준 것""이라며 ""반도체 공정은 소재를 이렇게 제한적으로 입수할 수 있느냐의 문제가 아니라 전세계를 하나의 공정으로 최적화한 공정을 통한 경쟁력 확보가 중요하다. 따라서 여전히 한국 반도체 산업에 타격을 주고 있는 행위""라고 지적했다.최 위원장은 ""일본 정부가 소위 '톤다운'한 것이 아니냐고 해석하는 경향이 있다. 그러나 저희 특위는 그런 것이 전혀 아니고 앞으로 어떤 조치가 전개될 지는 여전히 아베 정부 손에 있다고 파악하고 있다""며 ""우리 정부의 수평적 조치에 관한 여러 검토가 기확정돼있다. 아마 이번주 여러 외교적 접촉 통해 최종적으로 판가름할 것""이라고 말했다.최재성 더불어민주당 일본 경제침략 대책특별위원장이 8일 오전 서울 여의도 국회에서 열린 일본 경제침략 대책특별위원회 전체회의에서 발언하고 있다./사진=홍봉진 기자이지윤 , 박선영 인턴 기자 ▶주식투자 감 잡고 싶다면 [재테크 칼럼]▶바람 피운 배우자 4가지 징후 [변호사 가사상담] ▶주요 이슈만 콕콕! <저작권자 ⓒ '돈이 보이는 리얼타임 뉴스' 머니투데이, 무단전재 및 재배포 금지>
	
"
"한국맥널티, 전환가액 1만1700원→1만250원으로 조정","




// flash 오류를 우회하기 위한 함수 추가
function _flash_removeCallback() {}

	
	[머니투데이 김현아 기자] 한국맥널티는 시가 하락에 따라 전환가액을 1만1700원에서 1만250원으로 조정한다고 8일 공시했다. 전환가액 조정으로 전환 가능한 주식은 42만7350주에서 48만7804주로 늘었다. 김현아 기자 jvdith@mt.co.kr▶주식투자 감 잡고 싶다면 [재테크 칼럼]▶바람 피운 배우자 4가지 징후 [변호사 가사상담] ▶주요 이슈만 콕콕! <저작권자 ⓒ '돈이 보이는 리얼타임 뉴스' 머니투데이, 무단전재 및 재배포 금지>
	
"
"베트남 장관 만난 김진표 ""日수출규제 맞서 한목소리 내자"" 촉구","




// flash 오류를 우회하기 위한 함수 추가
function _flash_removeCallback() {}

	
	[머니투데이 이지윤  기자] [[the300]쭈 응옥 아인 장관 ""전세계 자유무역 보호 위해 함께 노력하겠다""]김진표 더불어민주당 의원이 7일 쭈 응옥 아인 베트남 과학기술부장관을 만나 면담한 뒤 인사를 나누고 있다./사진=김진표 더불어민주당 의원실 제공김진표 더불어민주당 의원이 7일 베트남 과학기술부장관을 만나 일본이 한국을 '전략물자수출우대국(화이트리스트)'에서 배제한 조치와 관련 ""글로벌 경제에 악영항을 끼치는 위험한 시도""라며 이에 맞선 양국 협력을 촉구했다.김 의원은 이날 베트남 하노이에서 쭈 응옥 아인 과학기술부장관을 만나 ""최근 일본이 한국을 상대로 반도체 소재 및 부품의 수출 관리 강화와 화이트리스트에서 제외시키는 조치를 취했다""며 ""이는 한국뿐만 아니라 글로벌 경제에 악영향을 끼치는 매우 위험한 시도""라고 강조했다.그러면서 ""앞으로 한국과 베트남이 자유무역을 공고히 하고 이를 확산시킬 수 있도록 국제회의 등에서 한목소리로 이야기하자""고 당부했다.이에 쭈 응옥 아인 장관은 ""김 의원님의 말씀에 적극 공감한다""며 ""베트남-한국 뿐만 아니라 전세계 자유무역 보호와 확대를 위해서도 함께 노력 하겠다""고 답변했다.아울러 김 의원은 ""한국과 베트남은 지난 2014년 FTA 체결 이후 자유무역 확산을 위해 노력하며 큰 성과를 거두고 있다""며 쭈 응옥 아인 장관을 향해 베트남에 진출한 한국 기업에 대한 지원을 당부했다.쭈 응옥 아인 장관은 ""하노이는 베트남에서 한국기업이 가장 많이 진출한 도시로 이들 기업이 활동하는데 불편함이 없도록 지속적인 관심과 지원을 아끼지 않겠다""고 약속했다.이지윤  기자 ▶주식투자 감 잡고 싶다면 [재테크 칼럼]▶바람 피운 배우자 4가지 징후 [변호사 가사상담] ▶주요 이슈만 콕콕! <저작권자 ⓒ '돈이 보이는 리얼타임 뉴스' 머니투데이, 무단전재 및 재배포 금지>
	



이 기사는 언론사에서 정치 섹션으로 분류했습니다.

기사 섹션 분류 안내
기사의 섹션 정보는 해당 언론사의 분류를 따르고 있습니다. 언론사는 개별 기사를 2개 이상 섹션으로 중복 분류할 수 있습니다.
닫기











좋아요
0




훈훈해요
0




슬퍼요
0




화나요
0




후속기사 원해요
0










이 기사를 추천합니다




안내







보내기







		<p class=""tomain_info_phrase"">
			<span class=""tomain_info_body"">
				<span class=""tomain_info_text"">이 기사는 </span><strong class=""tomain_info_point"">사용자 추천</strong><span class=""tomain_info_text"">으로 모바일 메인 뉴스판에 노출된 이력이 있습니다.</span>
			</span>
		</p>
	

		<p class=""tomain_info_phrase"">
			<span class=""tomain_info_body"">
				<span class=""tomain_info_text"">이 기사는 </span><strong class=""tomain_info_point"">모바일 메인 뉴스판</strong><span class=""tomain_info_text"">에 노출된 이력이 있습니다.</span>
			</span>
		</p>
	

		<p class=""tomain_info_layer"">
			<strong class=""tomain_info_head"">모두에게 보여주고 싶은 기사라면<i>?</i><span class=""tomain_info_betaicon"">beta</span></strong>
			<span class=""tomain_info_body"">
				<strong class=""tomain_info_point"">이 기사를 추천합니다 </strong><span class=""tomain_info_text"">버튼을 눌러주세요. 집계 기간 동안 추천을 많이 받은 기사는 네이버 자동 기사배열 영역에 추천 요소로 활용됩니다.</span>
			</span>
			<a href=""#"" class=""tomain_info_close"">레이어 닫기</a>
		</p>
	

 		(function(){
			var currentDate = new Date(), yyyy = currentDate.getFullYear(), mm = currentDate.getMonth() + 1, dd = currentDate.getDate();
			var currentDateParam = """" + yyyy + (mm < 10 ? '0' + mm : mm) + (dd < 10 ? '0' + dd : dd);
			var id = ""naver-splugin-sdk"";
			var s = document.createElement(""script""); s.id = id; s.type = ""text/javascript"", s.charset = ""utf-8"", s.async = false;
			s.src = (""https://ssl.pstatic.net/spi/js/release/ko_KR/splugin.js?"" + currentDateParam);
			var d = document.getElementsByTagName('head')[0]; d.appendChild(s, d);
		})();
 		(function(oData) {
		    var t = new Date(), yyyy = t.getFullYear(), mm = t.getMonth() + 1, dd = t.getDate();
		    var currentDate = """" + yyyy + (mm < 10 ? '0' + mm : mm) + (dd < 10 ? '0' + dd : dd);
		    var s = document.createElement(""script"");
		    s.type = ""text/javascript"";
		    s.charset = ""utf-8"";
		    s.src = ""https://news.like.naver.com/js/reaction/dist/reaction.min.js?""+ currentDate; // (new Date()).toDateString().replace(/\s/g,"""");
		    (document.head || document.getElementsByTagName(""head"")[0]).appendChild(s);
		})();
		window.onload = function() {
		    if(jindo.$Element(""spiLayer"").query(""._reactionModule"") !== null) {
				var toMainInfoLayerManager = {

					oCookieStorage : null,
					sCookieKey : null,
					sTemplateType : null,
					oTemplateType2TemplateMapping : null,

					welTomainInfoLayer : null,

					init : function () {
						this.setCache();
						this.setEvent();

						if (this.sTemplateType != 'N') {
							this.renderLayer();
						}
					},

					setCache : function () {
						this.oCookieStorage = jindo.$Cookie(true);
						this.sCookieKey = 'pcTomainDontShow';
						this.sTemplateType = 'N';
						this.oTemplateType2TemplateMapping = {
							'R' : 'TOMAIN_DISPLAYED_BY_USER_RECOMMEND_TPL',
							'E' : 'TOMAIN_DISPLAYED_BY_NEWS_EDIT_TPL',
							'N' : 'TOMAIN_NOT_DISPLAYED_YET_TPL'
						};
						this.welTomainInfoLayer = jindo.$Element('tomain_info');
					},

					setEvent : function () {
						this.welTomainInfoLayer.delegate('click', '.tomain_info_close', jindo.$Fn(this.onCloseClick, this).bind());
					},

					renderLayer : function () {
						var sTemplate = this.oTemplateType2TemplateMapping[this.sTemplateType];
						this.welTomainInfoLayer.html(jindo.$Template(sTemplate).process({}));
						this.welTomainInfoLayer.show();
					},

					onCloseClick : function (e) {
						e.stopDefault();
						this.welTomainInfoLayer.hide();
						this.oCookieStorage.set(this.sCookieKey, 'Y', 365);
					}

				};

				var toMainManager = {

					welContainer : null,
					welCount : null,
					welButton : null,

					init : function () {
						this.welContainer = jindo.$Element('toMainContainer');
						this.welCount = jindo.$Element(this.welContainer.query('._count'));
						this.welButton = jindo.$Element(this.welContainer.query('a'));
					},

					// 추천 수가 0인 경우, 디자인이 달라서 is_first 클래스 추가
					addIsFirstClassIfZeroCount : function () {
						if (this.welCount.text() == '0') {
							this.welButton.removeClass('off').addClass('is_first');
						}
					},

					removeIsFirstClass : function () {
						this.welButton.removeClass('is_first');
					},

					onRecommend : function () {
						this.removeIsFirstClass();
					},

					onCancel : function () {
						this.addIsFirstClassIfZeroCount();
					},

					onRecommendReady : function (element) {
						this.addIsFirstClassIfZeroCount();
					}
				};

				toMainInfoLayerManager.init();
				toMainManager.init();

				reaction.init({
					type: ""multi"",
					domain : ""https://news.like.naver.com"",
					dependentLibrary : ""jquery"",
					cssId: ""news"",
					isMobile: false,
					isHiddenLabel : false,
					isHiddenCount : false,
					isHiddenZeroCount : false,
					isUsedLabelAsZeroCount : false,
					isDebugMode : false,
					isHiddenLayerAfterSelection : true,
					callback : {
						clicked : function(param) {
							// displayId 가 'NEWS_MAIN' 이면 '메인으로추천', 'NEWS'면 '좋아요'
							if (param && param.content && param.content.displayId && param.content.displayId == 'NEWS_MAIN') {
								if(param.content.isReacted) {
									toMainManager.onRecommend();
									return;
								}
								toMainManager.onCancel();
							}
						},
						updated : function(param) {
							if (param) {
								jindo.$A(param.contents).filter(function (content) {
									if (content.serviceId == 'NEWS_MAIN') {
										return true;
									}
									return false;
								}).forEach(function (content) {
									toMainManager.onRecommendReady();
								});
							}
                            var autoSummaryFeedbackData = jindo.$A(param.contents)
                                    .filter(function (contentsData) {
                                        return contentsData.serviceId === 'NEWS_SUMMARY';
                                    })
                                    .$value()[0] || {};

                            // export
							if(autoSummaryFeedbackData.reactions){
								window.autoSummary = new AutoSummary()
									.init({
										apiUrl: 'https://tts.news.naver.com/article/008/0004261019/summary',
										feedbackDataList: autoSummaryFeedbackData.reactions
									});
							}
						},
                        click: function (param) {
                            var triggeredWrapper = jindo.$Element(param.target)
                                .parent(function (wel) {
                                    return wel.hasClass('_reactionModule');
                                })[0];
                            var isAutoSummaryFeedback = (triggeredWrapper) ?
                                triggeredWrapper.attr('data-sid') === 'NEWS_SUMMARY' :
                                false;

                            if (isAutoSummaryFeedback) {
                                return window.autoSummary.confirmApplyFeedback();
                            }
                        }
					}
				});
			}

		    // for social plugin
			window.__splugin = SocialPlugIn_Core({
				// nEvent Key
				""evKey""       : ""news"",
				// 서비스명
				""serviceName"" : ""뉴스"",
				""sourceName"" : ""머니투데이"",
				// 버튼 클릭후 호출되는 콜백함수
				""onClick""     : function(button) {},
				// 공유하기 레이어 노출 후 호출되는 콜백함수
				""onShow""      : function() {},
				// 공유하기 레이어 닫기 후 호출되는 콜백함수
				""onHide""      : function() {}
			});
		}
		
		function onSubscribe(elTarget) {
			return htParameter;
		}

		// 이기추 레이어 표시
		function doDisplayTomainInfo() {
			var welTomainInfoLayer = jindo.$Element('tomain_info_new');
			if (welTomainInfoLayer.css(""display"") == ""none"") {
				welTomainInfoLayer.delegate('click', '.tomain_info_close', jindo.$Fn(onCloseClick, this).bind());
				welTomainInfoLayer.html(jindo.$Template('TOMAIN_NOT_DISPLAYED_YET_TPL').process({}));
				welTomainInfoLayer.show();
			} else {
				welTomainInfoLayer.hide();
			}
		}

		// 이기추 레이어 닫기
		function onCloseClick(e) {
			e.stopDefault();
			var welTomainInfoLayer = jindo.$Element('tomain_info_new');
			welTomainInfoLayer.hide();
		}
	



/* (function() {
	init_socialplugin();
})(); */


    jindo.$Fn(function() {
        jindo.$Fn(function(){
            var oid = '008';
            var aid = '0004261019';
            new jindo.$Ajax('/main/ajax/series/list.nhn?oid=' + oid + '&aid=' + aid, {
                type : 'xhr',
                method : 'get',
                timeout : 10,
                async : true,
                onload : function(res) {
                    var oJson = res.json();
                    if (oJson.message != null && oJson.message.result != null) {
                        var result = oJson.message.result;
                        var contents = '<div class=""serialization_news""><h3 class=""serialization_news_title""><span class=""serialization_news_ico"">연재</span>'
                            + '<a href=""'+result.linkUrl+'"" class=""serialization_news_more nclicks(ser.more)"" id=""seriesTitle"" >'
                            + result.title + '</a><span class=""blind"">더보기</span></h3>'
                            + '<ul class=""serialization_news_list"">';

                        jindo.$A(result.seriesItemList).forEach(function(value) {
                            if (value) {
                                if (aid == value.articleId) {
                                    contents += '<li><div class=""serialization_news_item""><span class=""serialization_news_time"">'+ value.articleDate +'</span><a href=""'+value.url+'"" class=""serialization_news_link is_selected nclicks(ser.art)"">' + value.title + '</a></div></li>';
                                } else {
                                    contents += '<li><div class=""serialization_news_item""><span class=""serialization_news_time"">'+ value.articleDate +'</span><a href=""'+value.url+'"" class=""serialization_news_link nclicks(ser.art)"">' + value.title + '</a></div></li>';
                                }
                            }
                        });

                        contents += '</ul></div>';

                        jindo.$Element('spiLayer').afterHTML(contents);

                        var elLinkNews = jindo.$$('.link_news');
                        if (elLinkNews.length > 0) {
                            jindo.$Element('link_news_more').first().text(result.title);
                            jindo.$Element('link_news_more').visible(true, 'block');
                            jindo.$Element('link_news_more').attr('href', result.linkUrl);
                        }
                    }
                }
            }).request();
        }).delay(0.8);
    }).attach(window, ""load"");



머니투데이 관련뉴스해당 언론사에서 선정하며 언론사 페이지(아웃링크)로 이동해 볼 수 있습니다.

철구와 필리핀 원정 도박 의혹?…BJ서윤 누구
태풍 '레끼마' 상하이, '크로사' 오사카로…한국은?
""내 사진 다 떼""…백종원 울린 '이대앞 백반집', 무슨 일?
충북 중학교 여교사, 같은 학교 제자와 '성관계' 파문
'삼성 반도체의 은인' 하마다 박사 ""日, 실제로 수출중단 않을 것""

 기사 모아보기




    new FontSettingMenu();







			머니투데이 기사제공
			



신문
						머니투데이  신문게재기사만
					




인쇄
스크랩





	function doDisplay(){
		var element = document.getElementById('articleFactcheckInfo');
		if (element.classList.contains('is_hidden')) {
			element.classList.remove('is_hidden');
		} else {
			element.classList.add('is_hidden');
		}
	}




댓글 0언론사가 정치섹션으로 분류한 기사의 댓글은 '댓글 보기' 페이지로 이동해 확인가능하며,언론사 홈페이지에 작성된 댓글은 '언론사 댓글로 이동'을 클릭해 볼 수 있습니다. 댓글 보기언론사 댓글로 이동

                    var SIMPLE_COMMENT_TEMPLATE = jindo.$Template(['<div class=""article_simplecmt"">',
                        '<h5 class=""simplecmt_h _rcount"" data-comment=""&#123;gno:\'news008,0004261019\',type:\'simpleCommentRead\',exposeType:\'exact\',callbackName:\'readPageViewComment\'&#125;""></h5>',
                        '<p class=""simplecmt_p"">{=sText}</p>',
                        '<div class=""simplecmt_links"">',
                        '<a href=""{=commentListUrl}"" class=""simplecmt_link is_navercomment nclicks(\'art.rplb\',\'008\')""><div class=""simplecmt_link_text"">댓글 보기</div></a>',
                        '<a href=""{=sPressUrl}"" class=""simplecmt_link is_officecomment _stop_go_press nclicks(\'art.rplp\',\'008\')"" target=""_blank""><div class=""simplecmt_link_text"">언론사 댓글로 이동</div></a>',
                        '</div>',
                        '</div>'].join(""""));

                    var sText = """";
                    try {
                        var oNewsOptions = JSON.parse(JSON.stringify({""message"":{""default"":{""block"":""언론사가 정치섹션으로 분류한 기사의 댓글은 '댓글 보기' 페이지로 이동해 확인가능하며, 언론사 홈페이지에 작성된 댓글은 '언론사 댓글로 이동'을 클릭해 볼 수 있습니다. ""},""pc"":{""default"":{""block"":""언론사가 정치섹션으로 분류한 기사의 댓글은 '댓글 보기' 페이지로 이동해 확인가능하며,<br>언론사 홈페이지에 작성된 댓글은 '언론사 댓글로 이동'을 클릭해 볼 수 있습니다. ""},""custom"":{""block"":""머니투데이 댓글 정책에 따라 머니투데이에서 제공하는 정치섹션 기사의<br> 본문 하단에는 댓글 서비스를 제공하지 않습니다."",""sort"":""<em>%s</em> 댓글 정책에 따라 %s기사 본문 하단에서는<br> %s을 먼저 보여주고 아래 정렬 옵션이 추가 제공됩니다."",""off"":""<em>머니투데이</em>의 댓글 정책에 따라 <em>머니투데이</em>에서 제공하는<br> 정치섹션 기사에는 댓글 서비스를 제공하지 않습니다."",""notice"":{""layerTitle"":""댓글 정책 언론사별 선택제"",""layerBody"":""섹션별로 기사의 댓글 제공여부와 정렬방식을 <br>언론사가 직접 결정합니다. 기사 섹션 정보가<br>정치를 포함해 중복 분류된 경우 정치섹션 정책이 적용됩니다."",""title"":""이 기사의 댓글 정책은 <em>머니투데이</em>가 결정합니다.""}}},""custom"":{""block"":""머니투데이 댓글 정책에 따라 머니투데이에서 제공하는 정치섹션 기사의 본문 하단에는 댓글 서비스를 제공하지 않습니다."",""sort"":""<em>%s</em> 댓글 정책에 따라 %s기사 본문 하단에서는 %s을 먼저 보여주고 아래 정렬 옵션이 추가 제공됩니다."",""off"":""<em>머니투데이</em>의 댓글 정책에 따라 <em>머니투데이</em>에서 제공하는 정치섹션 기사에는 댓글 서비스를 제공하지 않습니다."",""notice"":{""layerTitle"":""댓글 정책 언론사별 선택제"",""layerBody"":""섹션별로 기사의 댓글 제공여부와 정렬방식을 <br>언론사가 직접 결정합니다. 기사 섹션 정보가<br>정치를 포함해 중복 분류된 경우 정치섹션 정책이 적용됩니다."",""title"":""이 기사의 댓글 정책은 <em>머니투데이</em>가 결정합니다.""}},""defaultSort"":""최신순""},""url"":{""press"":{""pc"":""http://news.mt.co.kr/mtview.php?no=2019080814367631593"",""mobile"":""http://news.mt.co.kr/mtview.php?no=2019080814367631593""}}}));
                        sText = oNewsOptions.message.pc['default'].block;

                        
                        sPressUrl = oNewsOptions.url.press.pc;
                    } catch (e) {
                        //TODO : nelo전송
                    }
                    var splitedUrl = location.href.split(""?"");
                    if (splitedUrl.length == 2) {
                        commentListUrl = splitedUrl[0] + ""?m_view=1&"" + splitedUrl[1];
                    } else {
                        commentListUrl = splitedUrl;
                    }
                    jindo.$Element(""cbox_module"").html(SIMPLE_COMMENT_TEMPLATE.process({
                        ""commentListUrl"" : commentListUrl,
                        ""sText"" : sText,
                        ""sPressUrl"" : sPressUrl
                    }));

                    if (sPressUrl == null || sPressUrl == """") {
                        jindo.$Element(""cbox_module"").delegate(""click"", ""._stop_go_press"", function (e) {
                            e.stopDefault();
                            alert(""언론사로부터 전달받은 URL정보에 문제가 있어 이동할 수 없습니다."");
                        });
                    }

                    var targetTopEl = jindo.$Element(""articleTitleCommentCount"");
                    news.util.CommentListCountManager.view({
                        fCallback : {
                            'readPageViewComment' : function(commentCnt) {
                                if (commentCnt == 0) {
                                    targetTopEl.removeClass(""num"");
                                    targetTopEl.html(""<span class=\""lo_txt\"">댓글</span>"");
                                } else {
                                    targetTopEl.addClass(""num"");
                                    targetTopEl.html(""<span class=\""lo_txt\"">""+commentCnt+""</span>"");
                                }
                            }
                        }
                    });
                


jindo.$Fn(function(){
    jindo.LazyLoading.load(
        ""https://ssl.pstatic.net/dicimg/tip/tip_pc.js?"" + jindo.$Date().format(""Ymd""),
        function(){
            if(typeof tip === ""undefined""){
                loadVod();
                return;
            }

            tip.init('#articleBodyContents', {
                prCode : ""news"",
                lang: {
                    ""en"": {
                        minWordLength: 2,
                        target:""ko"",
                        nsc:""dic.tt.nek""
                    }
                },
                layerTarget : 0,
                mousePointer: true,
                eventBeforePlaySound : function(oEvent) {
                    if (typeof ttsPlayer != ""undefined"") {
                        ttsPlayer.pause();
                    }

                },
                eventAfterPlaySound: function(oEvent) {
                    if (typeof ttsPlayer != ""undefined"") {
                        ttsPlayer.resume();
                    }
                }
            });

            loadVod();

            // 동영상 iframe 로딩
            function loadVod(){
                news.read.VodIframeLazyLoader.init();
            }
        }
    );
}).attach(window, ""load"");





	
		
			
			
			
			
				
					
					
						
							
							
								
									
									
									
										경제 속보 
									
								
							
						
					
				
			
		
	
	
	
	


기사목록 전체보기



							코빗, 신한은행과 실명계좌 연장 계약… ""입금 서비스 재개""포토



							LG전자, '테라 샤인치아 2019' 공식 후원포토



베트남 장관 만난 김진표 ""日수출규제 맞서 한목소리 내자"" 촉구포토



							LG전자, '테라 샤인치아 2019' 공식 후원 포토



							LG전자, '테라 샤인치아 2019' 공식 후원 포토





	jindo.$Fn(function(){
		var _guideBaseElement = jindo.$Element(jindo.$$.getSingle("".guide_categorization""));
		var _guideCategorizationDiv = jindo.$Element(""guideCategorizationDiv"");

		if (_guideBaseElement && _guideCategorizationDiv) {
			jindo.$Fn(function(e) {
				e.stopDefault();
				_guideCategorizationDiv.toggle();
			}, this).attach(_guideBaseElement.query(""a._categorization_title""),'click');

			jindo.$Fn(function(e) {
				e.stopDefault();
				_guideCategorizationDiv.toggle();
			}, this).attach(_guideBaseElement.query("".guide_categorization_ct a.guide_categorization_ct_close""), 'click');
		}
	}).attach(window, ""load"");


    jindo.$Fn(function() {
        jindo.$Fn(function(){
            handOff.Article.init(
                jindo.$$.getSingle('._article_body_contents'),
                {
                    category: 'news_article',
                    contentId: '008_0004261019',
                    apiDomain: 'https://sidekick.fever.naver.com'
                }
            );
        }).delay(0.8);
    }).attach(window, ""load"");


"
"대진대, 실용음악학 메카로 자리매김하다","




// flash 오류를 우회하기 위한 함수 추가
function _flash_removeCallback() {}

	
	[머니투데이 대학경제 권태혁 기자]  대진대학교는 최근 평생교육원 학점은행제(실용음악) 학생이 지난해에 이어 올해도 다수의 앨범을 발매하는 등 국내 최고의 학점은행제 실용음악으로 자리매김했다.  대진대 학점은행제(실용음악)가 이처럼 뛰어난 성과를 거둔 이유에는 이제헌(사진) 담당교수의 공이 컸다.  싱어송라이터 출신의 이 교수는 인재 발굴과 교육 외에도 학생들이 연예계·가수로 등용되도록 길라잡이 역할을 수행하고 있다. 특히 지난해에는 YOONYOO의 'Let me down'을 시작으로 왕현성의 'Dublin Hukuoka' 등 총 9장의 앨범을 발매했고, 올해는 김승현의 '너와의 기억', 심동빈의 'I'll hold your hand', 허진호의 '이게 뭐야' 등 총 12장의 앨범이 발매될 예정이다.  이와 같은 성과를 바탕으로 지난해 YOONYOO(공윤경, 천유경)는 YB, 자이언티, 백지영 등 최고의 뮤지션과 콜라보 퍼포먼스를 펼치는 등 큰 무대에서 활약하는 쾌거와 달성했다.올해는 허진호(실용음악전공) 학생이 MBC 아침드라마 '좋은 사람'의 OST '한심하게'를 발매하는 등 활발한 활동을 이어가고 있다.  이제헌 교수는 ""실용음악 학생들이 이처럼 높은 성과를 낸 것에는 총장님과 대학의 전폭적인 지지 덕분""이라며 ""평생교육원 원장님, 교수님, 직원 모두에게도 감사의 말을 전한다""고 말했다. 그는 이어 ""이번 성과를 바탕으로 더욱 학생 개개인의 역량을 최대한 이끌어낼 수 있는 교사로서 최선을 다하겠다""고 덧붙였다. 권태혁 기자 ▶주식투자 감 잡고 싶다면 [재테크 칼럼]▶바람 피운 배우자 4가지 징후 [변호사 가사상담] ▶주요 이슈만 콕콕! <저작권자 ⓒ '돈이 보이는 리얼타임 뉴스' 머니투데이, 무단전재 및 재배포 금지>
	
"
민간분양가 상한제 시행안 '8월 12일 오후2시' 발표,"




// flash 오류를 우회하기 위한 함수 추가
function _flash_removeCallback() {}

	
	[머니투데이 박미주 기자] [적용기준 완화·특정지역 한정·전매제한 기간 연장 등 거론돼]서울 아파트/사진= 김창현 기자민간택지 내 분양가 상한제 확대 적용 시행안이 오는 12일 오후 2시에 발표된다.분양가 상한제란 새 아파트의 분양가를 땅값(택지비)과 건축비를 더한 기준금액 이하로 분양가를 제한하는 제도다. 정부는 민간택지 분양가 상한제 적용 기준을 완화하고, 일부 지역만 적용하는 방안을 마련한 것으로 전해진다. 최근 한국은행이 기준금리를 인하해 시중 부동자금의 부동산시장 유입 가능성이 높아졌고, 재건축 시장을 중심으로 서울 집값이 꾸준히 상승한 것이 민간택지 분양가 상한제 확대 적용 배경으로 관측된다. 국토교통부는 민간택지 분양가상한제 확대 적용을 위한 세부안이 확정됐고 당정협의를 거친 후 오는 12일 오후 2시에 발표할 예정이라고 8일 밝혔다. 국토부는 당초 이 같은 부동산 대책을 이번 주 발표할 예정이었지만 미중 무역전쟁 격화, 일본의 경제보복 조치 등에 대한 범정부 차원의 대응을 위해 발표 시기를 늦춘 것으로 알려졌다. 관련 법령인 주택법 시행령 개정안이 입법 예고되면 예고기간, 법제처 심사, 규제 심사, 국무회의 의결 등을 거쳐 오는 10월경 공포될 수 있을 것으로 예상된다. 다음 주 발표될 주택법 시행령 개정안에는 적용 기준을 완화하는 내용이 담길 것으로 보인다. 분양가 상한제는 노무현정부 때인 2005년 공공택지에 도입된 후 2007년 민간택지로 확대됐으나 2015년 4월 민간택지는 조건부실시로 바뀌어 유명무실해졌다. 2017년 11월 주택법 시행령 개정으로 주택가격이 급등하거나 급등 우려가 있는 지역 중 주거정책심의위원회를 거쳐 국토부장관이 지정하도록 하고 있으나 실제 지정된 곳은 없었다. 민간택지 분양가 상한제 적용을 위한 현재 기준은 최근 3개월 집값 상승률이 물가상승률의 2배를 초과해야 되지만 물가상승률 또는 이보다 약간 높은 수준으로 낮추는 방안이 유력하다. 최근 1년간 분양가 상승률이나 청약경쟁률, 주택거래량 등과 관련된 기준도 완화할 것으로 알려졌다. 서울 강남, 경기 과천 등 특정지역만 선별적으로 분양가를 제한하는 방안이 검토되고 있는데 투기지역, 투기과열지구, 조정대상지역 등으로 적용을 한정할 것으로 보인다. 민간택지 분양가 상한제의 부작용으로 거론되는 '로또 청약'을 막는 방안으로는 전매제한 기간 연장, 채권입찰제 도입 등이 거론되고 있다. 박미주 기자 beyond@mt.co.kr▶주식투자 감 잡고 싶다면 [재테크 칼럼]▶바람 피운 배우자 4가지 징후 [변호사 가사상담] ▶주요 이슈만 콕콕! <저작권자 ⓒ '돈이 보이는 리얼타임 뉴스' 머니투데이, 무단전재 및 재배포 금지>
	
"
"부산시, 23일부터 '국제해양레저위크' 개최","




// flash 오류를 우회하기 위한 함수 추가
function _flash_removeCallback() {}

	
	[머니투데이 부산=윤일선 기자] [다채로운 해양레저 체험행사 펼쳐] 롯데백화점 부산본점에 전시된 제트스키, 서핑보드./사진제공=롯데백화점부산시와 해양수산부는 오는 23일부터 29일까지 해양레저 축제인 '대한민국 국제해양레저위크'(KIMA WEEK 2019)를 부산 송정·송도·광안리 해수욕장과 수영만 요트경기장 일대에서 개최한다고 8일 밝혔다.해양레저 인구 저변 확대를 위해 개최하는 올해 행사는 지난해 요트체험·카약·래프팅 등 3개 종목에 서핑·패들보드(SUP)·수중 레저·요트 교실을 추가해 7개 종목으로 확대, 운영한다.행사 기간 수영만 요트경기장에서는 요트학교 체험 교실을 무료로 운영하고 광안리해수욕장에서는 패들보드와 카약을, 송도해수욕장에서는 카약과 래프팅을 각 1시간씩 무료로 체험할 수 있다.또 송정해수욕장에서 개최하는 서핑체험은 1인당 요금 6만5000원 가운데 4만 원을 지원해 2만5000원으로 체험할 수 있고, 오는 10월까지 요트경기장에서 진행하는 요트 체험행사는 1인당 요금의 50%인 1만5000원을 지원한다.동의과학대학교와 남천마리나에서 8월 한 달간 진행하는 수중 다이빙 교육(이론 4시간, 실기 24시간)에는 1인당 교육비 65만 원 중 10만 원을 지원한다.부산=윤일선 기자 news8282@mt.co.kr▶주식투자 감 잡고 싶다면 [재테크 칼럼]▶바람 피운 배우자 4가지 징후 [변호사 가사상담] ▶주요 이슈만 콕콕! <저작권자 ⓒ '돈이 보이는 리얼타임 뉴스' 머니투데이, 무단전재 및 재배포 금지>
	
"
"美, 전방위 압박에…화웨이 ""그래도 잘나가요""","




// flash 오류를 우회하기 위한 함수 추가
function _flash_removeCallback() {}

	
	[머니투데이 유희석 기자] [美, 13일부터 화웨이 등 5곳 공공조달 입찰 금지…화웨이 ""中 정부와 관련 없다"", 내수 공략 강화] 지난 2일 중국 베이징에서 열린 한 가전제품 엑스포의 화웨이 부스 모습. /사진=AFP통신미국 정부가 오는 13일(현지시간)부터 통신장비 업체 화웨이 등 일부 중국 기업에 대해 미국의 공공조달사업 입찰을 금지하기로 했다. 미 정부나 공공기관이 이들 기업 제품을 쓰지 못하게 막는 것이다. 화웨이는 ""기대치 않았단 소식""이라면서 미 법정에서 이번 조치의 부당함을 호소하겠다고 밝혔다.  7일 월스트리트저널(WSJ)은 미 공공조달 참여가 금지되는 기업이 화웨이를 포함해 중국 2위 통신장비 업체 ZTE(中興通訊)와 하이테라(海能達), 무인감시카메라 제조사 하이크비전(海康威視), 다화테크(浙江大華)라며 ""미 정부가 내년에는 제재 대상을 화웨이 등 중국 제품이나 서비스를 사용하는 모든 기업으로 확대할 수 있다""고 덧붙였다. 화웨이 등에 대한 이번 제재는 지난해 트럼프 행정부와 미 의회가 통과시킨 '2019 국방수권법'에 따른 것이다. 이는 2011년 버락 오바마 정부에서 처음 만들어진 일종의 국방예산 법안으로 매년 작성된다. 미국의 안보에 위협이 되는 대상에 대해 각종 경제제재를 가하는 내용이 핵심이다. 지난해 국방수권법에는 '중국이 소유·통제하거나 그렇다고 추정되는 기업의 통신 장비 및 서비스를 미국 행정기관이 조달 또는 계약하는 것을 금지'하는 내용이 포함됐다. 또 트럼프 대통령이 서명한 지난해 8월 13일로부터 1년 뒤 시행하고 2년 뒤에는 각 행정기관의 보조금을 받는 기관으로까지 확대하도록 규정했다. 미 재무부가 최근 중국을 환율조작국으로 지정하면서 미 조달시장에서 퇴출당하는 중국 기업이나 제품은 더욱 늘어날 수 있다. 미 종합무역법과 교역촉진법은 환율조작국으로 지정된 나라에 금융 지원 제한이나 공공조달계약 금지 등의 경제 제재를 가할 수 있어서다. 화웨이는 '사실상 중국 공산당이 운영하는 기업'이라는 이미지를 벗기 위해 노력하고 있다. 7일에도 주주 구성과 지배구조를 설명하는 별도의 페이지를 만들었다. 화웨이에 따르면 현재 화웨이 주주는 9만6768명으로 모두 화웨이 직원이거나 직원이었다가 은퇴한 이들이다. 화웨이는 ""런정페이 회장의 지분은 1% 정도에 불과하다""면서 중국 정부와 관련이 없다고 주장했다. 미국 등 외국 진출이 막힌 화웨이는 자국 시장 공략에 집중하고 있다. 시장조사기관 카운터포인트리서치는 화웨이가 올해 2분기 중국에서 3520만대의 스마트폰을 판매했다고 8일 발표했다. 이는 올해 1분기보다 17%, 지난해 같은 기간보다는 23% 각각 증가한 것이다. 화웨이는 중국 스마트폰 시장 점유율도 36%로 1위를 기록했다. 제임스 얀 카운터포인트리서치 연구원은 ""화웨이는 미국의 제재 이후 중국 내 판매 촉진을 위한 인력을 늘리고, 판매망과의 관계를 더욱 강화했다""면서 ""중국 소비자는 미국의 화웨이 제재에 크게 영향을 받지 않았을 뿐만 아니라 심지어 일부는 화웨이를 지지하는 모습도 보였다""고 했다.유희석 기자 heesuk@mt.co.kr▶주식투자 감 잡고 싶다면 [재테크 칼럼]▶바람 피운 배우자 4가지 징후 [변호사 가사상담] ▶주요 이슈만 콕콕! <저작권자 ⓒ '돈이 보이는 리얼타임 뉴스' 머니투데이, 무단전재 및 재배포 금지>
	
"
"우수AMS, 150억원 규모 전환사채 발행 결정","




// flash 오류를 우회하기 위한 함수 추가
function _flash_removeCallback() {}

	
	[머니투데이 김현아 기자] 우수AMS는 150억원 규모의 무기명식 이권부 무보증 사모 전환사채(CB) 발행을 결정했다고 8일 공시했다. 표면이자율은 2%, 만기이자율은 3%다. 전환비율은 100%, 전환가액은 3336원이다.전환으로 발행할 주식은 우수AMS주식회사 기명식 보통주 449만6402주이며 이는 주식총수의 18.21%다.전환청구일은 2020년 8월9일부터 2022년 7월9일까지다. 김현아 기자 jvdith@mt.co.kr▶주식투자 감 잡고 싶다면 [재테크 칼럼]▶바람 피운 배우자 4가지 징후 [변호사 가사상담] ▶주요 이슈만 콕콕! <저작권자 ⓒ '돈이 보이는 리얼타임 뉴스' 머니투데이, 무단전재 및 재배포 금지>
	
"
한국항공우주에 무슨일이? 외국인 56일째 '매수',"




// flash 오류를 우회하기 위한 함수 추가
function _flash_removeCallback() {}

	
	[머니투데이 이태성 기자] [2분기 어닝서프라이즈에 하반기 기대감 커…과거 전성기 시절로 돌아가나]임종철 디자인기자 / 사진=임종철 디자인기자한국항공우주에 외국인 투자자의 매수세가 56거래일째 연속으로 이어지고 있다. 2017년부터 이어졌던 악재를 극복하고 올해 높은 실적이 예상되기 때문으로 보인다. 증권업계도 2분기 실적발표 후 한국항공우주의 목표가를 일제히 높여잡는 등 기대감을 보이고 있다.8일 한국거래소에 따르면 외국인 투자자들은 지난 5월22일부터 이날까지 56거래일동안 한국항공우주를 순매수하고 있다. 오후 2시40분 기준 주가는 3만7300원으로 이는 외국인 매수세 유입 시점(3만1650원) 대비 17.85%가량 상승한 가격이다.한국항공우주는 2017년 방산비리와 분식회계 논란 등에 휩싸이며 주가가 하락한 바 있다. 지난해에는 마린온 추락사고에 이어 기대감이 컸던 사업인 미국 공군의 차기 고등훈련기(APT) 교체 사업에서 고배를 마시기도 했다. 이어지는 악재에 2016년 8만원을 넘어섰던 한국항공우주의 주가는 지난해 11월 2만7950원까지 하락했다.그러나 올해에는 달라진 모습을 보이고 있다. 특히 2분기에는 매출액 8058억원, 영업이익 1172억원을 기록했다. 영업이익이 전년 동기 대비 252% 늘어난 어닝서프라이즈였다. 영업이익 컨센서스인 647억원을 아득히 뛰어넘었다. 이같은 영업이익 급증에는 소송 관련 충당금 320억원이 환입(한국형헬기사업 설계변경 115억원, 방산원가 인정취소 관련205억원)된 영향이 있지만 이를 제외해도 고마진의 수출물량 증가 및 수리온 계열 정상납품에 따른 마진 회복 등으로 어닝서프라이즈를 달성했다는 분석이다.하반기 기대감도 크다. 최진명 NH투자증권 연구원은 ""상반기 매출의 47%를 정부 사업으로부터 획득했는데, 수주잔고 중 53%가 정부의 발주물량이라는 점에서 방위산업을 대하는 정부 태도가 수익성에 중요한 영향을 미치고 있다""며 ""이러한 여건에서 방위사업청과의 행정소송 및 분쟁조정 분위기가 긍정적으로 변화된 것이 포착된다""고 설명했다.이어 ""하반기 매출 역시 전년 대비 증가할 것으로 전망되는데, 이는 주요 사업들이 정상적으로 진행되는 가운데, KF-X(한국형 전투기) 및 LAH(한국형 소형 무장헬기) 개발 확대와 이라크 T-50(초음속 고등훈련기) 잔여물량 인도(2대, 약 750억원)의 영향 때문""이라고 강조했다.전문가들은 아예 한국항공우주가 어려운 시기를 끝내고 과거 전성기 모습으로 돌아가고 있다고 지적했다. 이상현 IBK투자증권 연구원은 ""2019년 영업이익률은 당초 기대치 6%대보다 높은 7%대 이상에서 안착할 것으로 예상된다""며 ""2020년 이후부터 완제기 수주 풀(동남아, 중남미, 스페인 스왑딜 등)이 결실을 맺으며 신규수주가 긍정적인 모멘텀을 이끌어 줄 것""이라고 전망했다.한편 2분기 실적발표 후 대다수 증권사들은 한국항공우주의 목표주가를 올려잡았다. 가장 높은 목표가는 NH투자증권이 제시한 5만3000원으로, 전날 종가(3만5500원) 대비 상승여력이 약 49%에 달한다.이태성 기자 lts320@mt.co.kr▶주식투자 감 잡고 싶다면 [재테크 칼럼]▶바람 피운 배우자 4가지 징후 [변호사 가사상담] ▶주요 이슈만 콕콕! <저작권자 ⓒ '돈이 보이는 리얼타임 뉴스' 머니투데이, 무단전재 및 재배포 금지>
	
"
[인사]한국마사회,"




// flash 오류를 우회하기 위한 함수 추가
function _flash_removeCallback() {}

	
	[머니투데이 세종=정혁수 기자] ■한국마사회 ▷상임이사 △건전화본부장 최원일 ▷처장급 △경영관리본부 사회적가치 경영처장 홍용현세종=정혁수 기자 hyeoksooj@.▶주식투자 감 잡고 싶다면 [재테크 칼럼]▶바람 피운 배우자 4가지 징후 [변호사 가사상담] ▶주요 이슈만 콕콕! <저작권자 ⓒ '돈이 보이는 리얼타임 뉴스' 머니투데이, 무단전재 및 재배포 금지>
	
"
"재정연구원장 ""국민연금 적립금 많다…낮은 국채이자 활용해야""","




// flash 오류를 우회하기 위한 함수 추가
function _flash_removeCallback() {}

	
	[머니투데이 안재용 기자, 추우진  인턴기자] [국가재정운용계획 수립 공개토론회…기재부 ""국가채무 확대, 장기적으로 고민해야"" ] 서울 중구 대한상공회의소에서 열린 ‘2019-2023 국가재정운용계획 공개토론회’/사진=뉴스1김정훈 재정정책연구원 원장이 8일 ""국민연금이 2000조원에서 4000조원까지 쌓이는 상황에서 조세부담을 인상하는 것은 불필요하고, 경제활력에 대한 부담은 가중된다""며 ""낮은 국채 이자율을 활용할 필요가 있다""고 말했다. 김 원장은 서울 중구 세종대로에 위치한 대한상공회의소에서 열린 '2019~2023년 국가재정운용계획 수립을 위한 공개토론회'에서 이같이 밝혔다. 국민연금 적립금이 최대 4000조원까지 쌓일 것으로 전망되는 상황에서 조세부담 수준을 빠르게 높이는 것은 불필요하다는 지적이다.김 원장은 ""국민연금의 합리적 운용은 경제협력개발기구(OECD) 기준에서 큰 폭의 조세부담 인상을 의미한다""며 ""다른 각도에서 보면 자금에 여유가 있는 사회보험분야와 자금이 부족한 일반재정 분야의 예산제약 조건 부조화 문제가 갈수록 심각해질 것""이라고 말했다.혁신과 포용은 성격상 전체 조세부담에 반대 방향으로 작용한다고도 설명했다. 조세부담이 높으면 혁신기반을 강화하기 어려운데, 포용국가를 위해서는 재정지출 증가가 불가피하기 때문이다.김 원장은 ""혁신기반을 강화하기 위해서는 조세부담율을 최소한으로 줄여야 하나 포용성 강화 측면에서는 4대 보험금이 오르게 돼 있다""며 ""노인인구 비중이 늘어나 지출도 GDP 대비 늘어날 수밖에 없다""고 했다. 이어 ""혁신성장 기반을 강화하려면 조세수입을 GDP 대비 완만하게 높여야 하나 포용성 강화·고령화 대응 정책을 펴려면 세출 소요의 지속적 상승이 필요하다""고 덧붙였다.이를 해결하기 위해 김 원장은 0%대로 떨어진 낮은 국채이자율을 활용할 필요가 있다고 주장했다.김 원장은 ""눈에 띌 정도로 내려간 낮은 이자율 추세 등을 중장기적 재정정책 여건에 고려할 필요가 있다""고 했다.토론자로 나선 김태일 고려대 교수는 ""우리 여건상 중장기적 국가채무, 부채수준이 높아져야 한다는 것은 대부분 동의하나 어느정도에서 유지하고 관리할지가 중요하다""며 ""국민연금 등 사회보험료가 높아져야 하는데 미래세대 부담을 보면 지금 어떻게 해야할 지 고민해야 한다""고 했다.김 교수는 ""국민연금은 일종의 강제저축으로 노후대비 성격을 갖고 있어 일반 재정흑자와 성격이 다르다""며 ""(적립금을) 어떻게 보고 재정을 가져갈 지 고민이 필요하다""고 했다. 고정안 기획재정부 재정전략과장은 ""조세부담율과 국민부담율 인상에 앞서 국민의 사회적 합의와 지출개혁이 필요하다""며 ""국방비 비중이 10%로 높고, 중앙과 지방 재정이 비분화된 상태로 재정 분절과 칸막이가 심화돼 비효율성을 초래할 수밖에 없다""고 말했다.부채비율 상향에 대해서도 신중한 판단이 필요하다고 했다. 고 과장은 ""정부 이자지출이 매년 20조원 미만이라 그것을 감당가능한 수준으로 보고 채무늘리는 방향으로 제안을 주신 듯 하다""며 ""재원을 어떻게 감당할 지 좀 더 장기적으로 보고 의사결정을 해야한다""고 밝혔다.안재용 기자 poong@mt.co.kr, 추우진  인턴기자 ▶주식투자 감 잡고 싶다면 [재테크 칼럼]▶바람 피운 배우자 4가지 징후 [변호사 가사상담] ▶주요 이슈만 콕콕! <저작권자 ⓒ '돈이 보이는 리얼타임 뉴스' 머니투데이, 무단전재 및 재배포 금지>
	
"
김수남 전 검찰총장 변호사 개업… 조은석 전 고검장도 개업 준비 중,"




// flash 오류를 우회하기 위한 함수 추가
function _flash_removeCallback() {}

	
	[머니투데이 하세린  기자] [[the L]윤석열 총장 지명 후 사직한 검찰 고위간부들도 변호사 등록 및 개업]김수남 검찰총장이 지난 2017년 5월 오후 서울 서초구 대검찰청에서 열린 검찰총장 이임식에서 퇴임사를 하고 있다. / 사진=이기범 기자 leekb@김수남 전 검찰총장이 최근 변호사로 개업했다. 윤석열 검찰총장 지명 후 사의를 표명한 검찰 고위 간부들도 속속 변호사 등록과 개업을 하고 있다. 8일 법조계에 따르면 김 전 총장은 지난달 말 서울지방변호사회에 변호사 등록 및 입회 신청을 제출해 받아들여졌다. 이에 지난달 31일 서울 강남구 역삼동에 법률사무소를 개업했다.대한변호사협회는 전관예우 근절 차원에서 대법관과 헌법재판관, 법무부장관, 검찰총장 등의 변호사 등록과 개업을 2년간 제한한다. 김 전 총장의 경우 이 제한 기간이 지난 5월로 만료됐다. 김 전 총장은 문재인 대통령 취임 직후인 2017년 5월11일 사의를 표명했다. 임기를 7개월 남긴 시점이었다. 이후 그는 미국에서 머물러온 것으로 알려졌다. 윤석열 검찰총장 지명 이후 사의를 표명한 이동열(53·22기) 전 서울서부지검장과 송인택(56·21기) 전 울산지검장, 봉욱(54·19기) 전 대검 차장도 최근 서울 서초동에 법률사무소를 개업했다. 이금로(54·20기) 전 수원고검장도 개업을 마쳤다. 비슷한 시기 사직한 조은석(54·19기) 전 법무연수원장도 최근 변호사 등록 신청을 하고 사무실 개소를 준비중인 것으로 전해졌다. 검사장 이상 고위 간부들의 경우 2015년 공직자윤리법이 시행되면서 3년간 매출액 100억원 이상의 대형 로펌에 취업할 수 없어 개인 법률사무소를 차리거나 소형 로펌에 합류하는 추세다.하세린  기자 iwrite@mt.co.kr▶주식투자 감 잡고 싶다면 [재테크 칼럼]▶바람 피운 배우자 4가지 징후 [변호사 가사상담] ▶주요 이슈만 콕콕! <저작권자 ⓒ '돈이 보이는 리얼타임 뉴스' 머니투데이, 무단전재 및 재배포 금지>
	
"
"외교부 ""美 방위비분담금 협상 시작 요청 없어…개괄적 의견교환만""","




// flash 오류를 우회하기 위한 함수 추가
function _flash_removeCallback() {}

	
	[머니투데이 권다희  기자] [[the300]""韓, 협상팀 구성 추진 중…협상 시작해야 증액 등 얘기 가능""]외교부가 한국이 부담할 주한미군 주둔 비용인 방위비 분담금 협상과 관련해 ""미국에서 협상 시작 요청이 없었다""며 ""한미가 현재 개괄적 의견교환만 한 상황""이라고 8일 밝혔다.외교부 당국자는 이날 기자들과 만나 전날 도널드 트럼프 미국 대통령이 트위터를 통해 '한국이 방위비분담금을 인상할 것이며 협상이 시작됐다'고 밝힌 것과 관련해 이 같이 말했다.이 당국자는 ""우리 측이 협상팀을 검토해 추진 중인 단계로 아직 정해진 건 없다""며 ""미국 측의 협상 시작 요청이 없었다""고 전했다. 협상 개시 시점에 대해서는 ""우리 대표단 구성부터 시작해야 할 것""이라며 ""미국 측과 협의해 언제 첫 회의를 할 것인지 등을 하나씩 정해야 한다""고 했다.미국이 전세계 미군주둔비용을 동맹국에 분담하는 정책을 재검토한 이른바 '글로벌 리뷰'라 최근 완료됐다는 등의 관측에 대해선 ""협상을 시작해야 여러 배경, 증액 등을 얘기할 수 있을 것""이라 밝혔다.그는 ""지금은 협상이 시작이 안 된 상태""라며 ""한미간 개괄적 의견교환 밖에 이뤄지지 않은 걸로 알고 있다""고 재차 밝혔다. 전날 트럼프 대통령은 트위터를 통해 ""한국이 북한으로부터 자신을 방어하기 위해 미국에 실질적으로 더 많은 돈을 지불하기로 합의했다""며 ""미국에 대한 지불을 더욱 늘리기 위한 협상이 시작됐다""고 했다. 한미가 지난 2월 유효기간을 올해까지로 한 10차 방위비분담특별협정(SMA)에 합의한 뒤 아직 11차 협정 협상을 시작하지 않은 상태에서 나온 압박성 발언이다. 외교부는 트럼프 트위터 직후 ""제11차 SMA 협상이 아직 공식 개시되지 않았다""며 ""한미는 지난 달 존 볼턴 미 국가안보보좌관 방한 당시 앞으로 합리적이고 공정한 방향으로 방위비분담 문제를 협의해 나가기로 했다. 구체적인 내용은 11차 SMA 협상에서 논의해 나갈 예정""이라 밝혔다. 한미가 공식 협상을 개시하지 않았지만, 트럼프 대통령의 발언은 미국 정부가 최근 전세계 방위비 분담 정책 재검토를 끝마친 것과 연관이 있다는 관측이 나온다. 외교 소식통들에 따르면 지난달 23~24일 존 볼턴 백악관 국가안보보좌관 방한 당시 이 ‘새로운 지침’이 우리 정부 측에 전달된 것으로 알려졌다.  미국의 새 정책에는 단순히 미군주둔비용 뿐 아니라 ‘동맹국으로서 부담해야 할 비용’을 더 포괄적으로 요구하는 내용이 담겼을 수 있다는 관측도 나온다. 이 경우 내년 후 적용되는 협정에서 한국 측 부담비용이 급증할 가능성도 배제할 수 없다. 이와 관련, 9일 서울에서 열리는 한미국방장관회담에서 방위비분담금과 관련한 미국 측의 인상 요구 등이 이뤄질 것으로 관측된다.  권다희  기자 dawn27@mt.co.kr▶주식투자 감 잡고 싶다면 [재테크 칼럼]▶바람 피운 배우자 4가지 징후 [변호사 가사상담] ▶주요 이슈만 콕콕! <저작권자 ⓒ '돈이 보이는 리얼타임 뉴스' 머니투데이, 무단전재 및 재배포 금지>
	
"
"'양예원 추행·사진유출' 남성, 징역 2년6개월 확정","




// flash 오류를 우회하기 위한 함수 추가
function _flash_removeCallback() {}

	
	[머니투데이 안채원  기자] [[the L] 대법원, 징역 2년6개월 실형 선고…""회복할 수 없는 정신적 피해 입어""]유튜버 양예원씨./사진=뉴스1비공개 촬영회에서 유튜버 양예원씨를 성추행하고 사진을 유포한 모집책이 실형을 확정받았다.대법원 2부(주심 박상옥 대법관)는 강제추행 등 혐의로 기소된 최모씨의 상고심에서 징역 2년6개월에 80시간 성폭력 치료프로그램 이수, 5년간 아동·청소년 관련 기관 취업제한을 선고한 원심을 확정했다고 8일 밝혔다.최씨는 2015년 서울 마포구 합정동 스튜디오에서 피팅 모델 아르바이트를 하기 위해 온 양씨의 노출 사진을 찍은 뒤 무단 유포하고 강제추행한 혐의로 재판에 넘겨졌다. 또 같은해 1월 모델 A씨를 강제추행하고, 2016년부터 2년간 총 13차례에 걸쳐 모델들의 사진을 동의 없이 유포한 혐의도 받는다.양씨는 지난해 5월 자신의 과거 사진이 파일공유사이트 등을 통해 유포됐다는 것을 확인하고, 유튜브 동영상을 통해 피해 사실을 폭로했다.1심 법원은 ""추행을 부인하고 있지만, 증거에 비춰보면 범행 사실을 충분히 인정할 수 있다""며 ""(피해자들) 진술이 일관되고 구체적이며, 일부러 최씨에게 불리한 진술을 할 동기가 없다""고 징역 2년6개월을 선고했다.2심 법원도 지난 4월 ""사진이 광범위하게 유포돼 (양씨가) 회복할 수 없는 정신적 피해를 입었다. (지금도) 2차 피해를 입고 있고 최씨를 용서하지 않았다""며 1심 형을 유지했다.대법원도 원심 판결을 받아들여 확정했다. 안채원  기자 chae1@mt.co.kr▶주식투자 감 잡고 싶다면 [재테크 칼럼]▶바람 피운 배우자 4가지 징후 [변호사 가사상담] ▶주요 이슈만 콕콕! <저작권자 ⓒ '돈이 보이는 리얼타임 뉴스' 머니투데이, 무단전재 및 재배포 금지>
	
"
"조국 법무·문정인 주미대사 내정설에 野 ""국민 무시하나""","




// flash 오류를 우회하기 위한 함수 추가
function _flash_removeCallback() {}

	
	[머니투데이 백지수 , 김민우 , 정세용 인턴 기자] [[the300](종합)한국당·바른미래당, 강경화·정경두 등 외교·안보라인 유임에도 반발]황교안 자유한국당 대표(오른쪽)가 8일 서울 여의도 국회에서 열린 최고위원회의에서 발언하고 있다. /사진=뉴스1개각을 앞두고 조국 전 청와대 민정수석의 법무부장관 지명과 문정인 청와대 통일외교안보특보의 주미대사 지명이 유력하다는 전망이 나오자 8일 야권이 일제히 반발했다. 야당은 이번 개각에서 외교·안보 라인이 교체되지 않는 점도 비판했다. 황교안 자유한국당 대표는 이날 오전 국회 본청에서 열린 당 최고위원회의에서 이같은 인사 가능성에 ""오만과 독선의 결정판""이라며 ""문재인 대통령은 조 전 수석의 법무부 장관 지명을 철회해야 한다. 문정인 특보의 주미대사 임명을 마땅히 포기해야 한다""고 말했다.황 대표는 조 전 수석의 법무부 장관 지명설에 ""표리부동한 사람""이라며 ""이런 자가 법무부 장관에 앉으면 사법 개혁을 한다면서 한국의 사법 질서를 다 무너뜨릴 것""이라고 말했다. 이어 ""대한민국 법치주의는 종언을 고하고 문재인 정권의 좌파 독재가 극에 달하게 될 것""이라고 말했다.황 대표는 ""조 수석은 본연의 임무인 인사 검증에 번번이 실패한 사람""이라며 비판했다. 또 ""조 전 수석은 부적격 무자격 장관들을 양산한 장본인이자 민간인 사찰과 블랙리스트 작성 의혹까지 받고 있다""며 ""이제와 본인 인사청문회가 걱정이 되는지 도덕성 검증은 비공개로 하자는 구차한 주장을 내놓고 있다""고 지적했다.이어 ""(조 전 수석은) 남이 하면 폴리페서(정치판을 기웃거리는 교수)고 자기가 하면 앙가주망(지식인의 사회 참여)이라고 한다""며 ""특목고 규제를 외치면서 본인 딸은 외고 졸업에 의학전문대학원을 보낸 내로남불(내가 하면 로맨스, 남이 하면 불륜)의 대표 주자다""고도 꼬집었다.황 대표는 ""(조 전 수석은) 논문 표절 의혹도 여러 건 있었다""며 ""민정수석을 하며 자신의 직군을 망각한 페이스북 정치로 국회를 모욕하고 국민 편 가르는 데 앞장서기도 했다""고 비판했다.나경원 원내대표도 조 전 수석과 문 특보 인사 가능성에 ""부적격과 면죄부의 인사""라며 비판했다. 특히 조 전 수석의 법무부 장관 내정설에 ""이 정부가 끊임없이 추구해 온 신독재 완성을 위한 검찰 도구화의 선언""이라고 밝혔다. 나 원내대표는 ""신독재의 네 단계 중 두번째 단계가 적폐청산이고 네번째 단계가 선거법 개정으로 장기 집권을 꾀하는 것""이라며 ""검찰을 도구화해 이 두 가지를 다 완성하겠다는 선언""이라고 주장했다.한국당 지도부는 문 특보의 주미대사 내정설에도 강력 반발했다. 황 대표는 ""끊임없이 한미 동맹을 흔들어 댄 문 특보가 주미대사로 임명되는 것이 말이 되느냐""며 ""한미 동맹이 위기에 빠질 수밖에 없는 상황""이라고 말했다. 이어 ""이런 사람을 주미대사로 임명하는 것을 한국당은 절대 동의할 수 없다. 국민들이 용납 못할 것""이라고 했다.나 원내대표도 ""안 그래도 한국과 미국이 멀어져 가고 있는 신호가 보인다""며 ""부적격을 넘어 극히 위험한 인사""라고 말했다.나 원내대표는 강경화 외교부 장관과 정경두 국방부 장관의 유임설에도 문제를 제기했다. 나 원내대표는 ""오늘날 외교안보 파탄 책임이 있는 강·정 장관이 유임으로 가닥난다고 한다""며 ""이 정부는 지금 국민들이 느끼고 있는 외교 안보 파탄, 국란에 대해 (자신들은) 그렇게 생각하지 않는다는 메시지다""고 했다.오신환 바른미래당 원내대표가 8일 오전 서울 여의도 국회에서 열린 원내정책회의에서 모두발언을 하고 있다. /사진=뉴스1바른미래당도 한국당과 비슷한 반응을 나타냈다. 오신환 바른미래당 원내대표는 이날 국회에서 열린 당 원내정책회의에서 ""조 전 수석의 법무부 장관 지명 개각은 대통령의 '조국 사랑'을 재확인하는 것 외에 아무런 의미도 찾을 수 없는 하나마나한 개각이 될 것""이라며 ""인사책임자 조 전 수석을 장관으로 영전하고 무능한 외교·안보라인을 유임하는 것은 국민에 대한 도전이 아닐 수 없다""고 말했다.오 원내대표는 회의 후 기자들에게는 ""문재인 정부에서 인사청문회 보고서가 채택되지 않은 인사가 16건 있었다""며 ""이번 인사도 자기 사람만 앞세우는 회전문식 인사가 된다면 또 다시 역풍이 불 것""이라고 했다.백지수 , 김민우 , 정세용 인턴 기자 100jsb@mt.co.kr▶주식투자 감 잡고 싶다면 [재테크 칼럼]▶바람 피운 배우자 4가지 징후 [변호사 가사상담] ▶주요 이슈만 콕콕! <저작권자 ⓒ '돈이 보이는 리얼타임 뉴스' 머니투데이, 무단전재 및 재배포 금지>
	
"
수출규제 36일만에 첫 허가 내준 日… 추가 규제등 불확실성 여전,"




// flash 오류를 우회하기 위한 함수 추가
function _flash_removeCallback() {}

	
	[머니투데이 세종=유영호 기자, 권혜민 기자] [정부 ""규제 철회 전까지 의미 부여 어렵다""… 전문가도 ""日 교란작전 휘둘리지 말고 대책 계속해야""] 홍남기 경제부총리 겸 기획재정부 장관이 5일 오전 서울정부청사에서 열린 '일본 수출 규제 대응 관계장관회의'에 참석해 모두발언을 하고 있다./사진=김휘선 기자 hwijpg@일본 정부가 8일 대(對)한국 수출규제를 강화한 지 36일 만에 처음으로 EUV 포토레지스트(극자외선용 감광액) 개별수출허가를 내 준 것은 정치적 목적의 경제보복이나 수출 금수조치가 아니라는 명분을 쌓기 위한 조치로 분석된다. 세코 히로시게 일본 경제산업성 대신(장관)이 이날 기자회견에서 “엄정한 심사를 거쳐 안전보장 우려가 없는 거래임을 확인한 안건에 대해서는 이미 수출을 허가했다”며 “개별 사례는 원래 공개하지 않지만 한국 정부가 이 조처에 대해 금수라는 부당한 비판을 하고 있어 예외적으로 밝히게 됐다”고 말한 것이 이를 뒷받침한다. 한국으로 수출한 전략물자 가운데 군사 목적으로 전용할 수 있거나 그럴 우려가 있는 폼목에서 ‘부적절한 사안’이 발생해 수출관리 강화가 불가피하다는 기존 입장을 반복한 것이다. 자연스럽게 일본 정부가 한국의 세계무역기구(WTO) 제소 등 앞으로 일어난 국제 분쟁해결 과정에서 유리한 명분을 쌓기 위한 조치라는 해석이 나온다.실제 전문가들도 일본의 이번 수출허가에 대해 “큰 의미를 부여하기 어렵다”고 입을 모으고 있다. 수출무역관리령을 이미 개정·공포해 28일 시행을 앞둔 상황을 고려할 때 일본 정부 입맛에 맞춰 얼마든지 추가 규제가 가능하다는 지적이다. 김규판 대외경제정책연구원 선임연구위원은 “일본 정부가 내세운 수출규제 강화 명분에 맞춰 마치 ‘금수조치가 아니다’란 것을 홍보하기 위한 조치로 보인다”며 “가시적 조치가 나올 때 까지 큰 흐름의 변화는 없을 것”이라고 말했다.실제 일본 산케이신문은 이날 복수의 정부관계자를 인용해 “일본 정부가 수출 관리 강화를 위해 군사적 전용이 쉬운 제품과 기술을 규제 대상에 포함하는 방안을 검토 중”이라고 보도했다.  스가 요시히데 일본 관방성 대신(장관)은 “정당한 거래는 허가를 하겠지만 수출 관리를 위해 계속 엄격한 심사를 하겠다”며 “무역 이외 다른 목적으로 전용되는 일이 없도록 엄정히 대처하겠다”고 말했다.정부 인식도 비슷하다. 산업통상자원부 고위 관계자는 “의미를 더 부여할 것도 덜 부여할 것도 없이 있는 그대로 보면 된다”며 “일본이 수출규제를 철회할 때까지 상황이 변하는 것은 없고 일본의 진의를 섣부르게 판단할 이유가 없다”고 말했다.정부는 당초 이날 정부서울청사에 열린 관계장관회의에서 일본의 한국 백색국가(수출심사 우대국) 제외에 맞대응 조치로 일본에 대한 전략물자 수출 우대를 없애는 방향으로 ‘전략물자수출입고시’를 개정하려고 했으나 구체적 내용을 추가 논의하기로 연기했다. 일본의 반응을 지켜보며 압박 카드 효과를 극대화하기 위한 조치로 풀이된다. 산업계는 핵심소재 수출허가로 ‘숨통’이 트일 것이라는 기대감과 불확실성이 여전하다는 두려움이 교차하고 있다. 특히 일본 정부가 전면에 내세웠던 핵심소재 3개에 대한 수출허가를 내주면서 다른 필수 품목에 대한 수출규제를 강화하는 ‘교란 작전’을 펼 경우 오히려 상황이 더 악화될 수 있다는 우려도 크다. 한 반도체업계 관계자는 “있는 그대로 보면 수출허가 당초 우려했던 것보다 일찍 이뤄졌다는 것에 대해서는 일단 긍정적”이라면서도 “추가 수출규제에 대한 가능성이 여전해 다양한 시나리오별 대응 전략을 면밀히 검토 중”이라고 말했다. 또 다른 관계자는 “기업 입장에서 가장 큰 문제는 불확실성”이라며 “최악의 상황을 가정하고 보수적으로 대응책으로 마련하고 있다”고 했다.이와 관련, 강인수 한국국제통상학회장(숙명여대 교수)는 “일본은 수출을 왜곡하려는 게 아니라 정당한 과정이란 걸 주장하는 것 같은데 상황 변화에 따라 수출을 까다롭게 할 여지는 충분히 있다”며 “수출규제 조치에 대응할 안전장치를 확보하고 국제 여론을 유리하게 이끌기 위한 노력을 계속해야 한다”고 강조했다.세종=유영호 기자 yhryu@mt.co.kr, 권혜민 기자 aevin54@mt.co.kr▶주식투자 감 잡고 싶다면 [재테크 칼럼]▶바람 피운 배우자 4가지 징후 [변호사 가사상담] ▶주요 이슈만 콕콕! <저작권자 ⓒ '돈이 보이는 리얼타임 뉴스' 머니투데이, 무단전재 및 재배포 금지>
	
"
원/달러 환율 5.7원 내린 1209.2원 마감,"




// flash 오류를 우회하기 위한 함수 추가
function _flash_removeCallback() {}

	
	[머니투데이 한고은 기자] 8일 서울 외환시장. 한고은 기자 doremi0@▶주식투자 감 잡고 싶다면 [재테크 칼럼]▶바람 피운 배우자 4가지 징후 [변호사 가사상담] ▶주요 이슈만 콕콕! <저작권자 ⓒ '돈이 보이는 리얼타임 뉴스' 머니투데이, 무단전재 및 재배포 금지>
	
"
"경일대 재학생, 국제디자인공모전서 입상","




// flash 오류를 우회하기 위한 함수 추가
function _flash_removeCallback() {}

	
	[머니투데이 대학경제 임홍조 기자]  경일대학교는 최근 디지털미디어디자인학과 재학생이 국제 4대 디자인 공모전인 '2019년 스파크 어워드' 학생 부분에서 은상, 동상, 입선을 각각 수상했다고 8일 밝혔다.스파크 어워드는 미국 IDEA, 독일 Red Dot, 독일 iF와 더불어 미국에서 개최하는 국제 4대 디자인 공모전으로, 전문 디자이너와 디자인 전공자의 실력을 객관적으로 검증받을 수 있는 대회다. 디지털미디어디자인학과 4학년 학생으로 구성된 이들은 사회초년생을 위한 힐링 앱(ka:m)과 행복한 피임 지식실천 앱(ME, U), 음주관리·절주 앱(MeReap)을 제안해 현지 심사위원으로부터 호평을 받았다.은상을 수상한 서희경(팀 리더), 박채림, 배지연 학생의 작품은 한국 대학생이나 사회초년생을 위한 저널 마인드 힐링 앱인 'ka:m'을 제안했다.  'ka:m'은 개인 맞춤형 저널 치유 앱으로 설계됐으며, 대한민국 청소년이 입시위주 교육환경으로 인해 자아정체성 확립에 어려움을 겪는 점에서 착안했다. 이는 '나는 누구인가'에 대한 성찰을 통해 청소년이 자아정체성을 확립할 수 있도록 도움을 준다. 심사위원 얼기(Earl Gee, 크리에이티브 디렉터)는 ""'ka:m'은 청소년의 성장과정에서 누구나 부딪히는 고민에 대한 사려 깊은 접근법""이라며 ""디자인 사고(Design Thinking)로도 해결 가능성을 보여준 현재 우리에게 중요한 사회적 이슈""라고 평가했다. 심사위원 조헨 백스(Jochen Backs, 디자이너)도 ""출품작 중 가장 많은 호평을 받은 작품""이라고 말했다.또한 서주현(팀 리더), 박영신 학생의 동상 수상작인 'ME, U' 앱은 20대 비혼자의 피임 지식에 대한 자연스러운 접근 방식과 그에 대한 현명한 실천을 가능하도록 구현했다. 특히 남녀 모두가 알아야 할 정보를 사실적이고 편안하게 접근할 수 있는 '행복한 피임 지식실천 앱'을 제안했다.최수산나(팀 리더), 윤정빈, 황보가영 학생은 음주습관 기록, 정보 시각화를 통한 음주 데이터 점검과 절주에 대한 정보를 직관적으로 얻을 수 있는 'MeReap' 앱을 선보여 입선작으로 선정됐다.서희경 학생은 ""프로젝트를 진행하면서 우여곡절도 많았지만, 이처럼 좋은 성과를 거둬 기쁘다""며 ""최선을 다해 지도한 교수님과 팀원이 서로를 격려하며 함께 노력한 덕분에 좋은 결과를 얻을 수 있었다""고 말했다.임홍조 기자 ▶주식투자 감 잡고 싶다면 [재테크 칼럼]▶바람 피운 배우자 4가지 징후 [변호사 가사상담] ▶주요 이슈만 콕콕! <저작권자 ⓒ '돈이 보이는 리얼타임 뉴스' 머니투데이, 무단전재 및 재배포 금지>
	
"
"한밭대, 제28회 청소년 로봇캠프 진행","




// flash 오류를 우회하기 위한 함수 추가
function _flash_removeCallback() {}

	
	[머니투데이 대학경제 임홍조 기자]  한밭대학교가 지난 7일부터 8일까지 교내에서 '제28회 청소년 로봇캠프'를 실시했다.청소년 로봇캠프는 한밭대 전자·제어공학과 주관으로 매학기 방학기간에 열린다. 캠프에선 초등학생이 직접 로봇을 조립, 구동하고 체험하면서 논리성, 창의성, 사고력을 기르고 로봇에 대한 기초지식을 배울 수 있다.이번 캠프에는 사전신청을 통해 선발된 초등학생 180여 명이 참가해 이틀간 90명씩 나눠 진행됐으며, 로봇에 대한 기초지식을 배우는 시간을 가졌다. 실제 로봇을 조립하고 제어 프로그램을 코딩하는 활동에도 참여했다.특히 올해부터는 초등학교에서도 소프트웨어 교육을 필수적으로 진행, 한밭대는 지난 2017년부터 이 캠프의 교육과정에 '스크래치' 프로그램을 이용한 제어 프로그램 코딩 과정을 도입했다.전자·제어공학과 도태용 학과장은 ""우리 대학은 대전지역 유일의 4차 산업혁명 혁신 선도대학으로서 스마트팩토리, 드론 등 미래 성장산업을 이끌 역량 있는 인재를 양성한다""며 ""청소년 로봇캠프는 로봇에 대한 관심을 더욱 높이고 코딩교육의 활성화를 도모해 지역사회 공헌에 이바지할 것""이라고 말했다.임홍조 기자 ▶주식투자 감 잡고 싶다면 [재테크 칼럼]▶바람 피운 배우자 4가지 징후 [변호사 가사상담] ▶주요 이슈만 콕콕! <저작권자 ⓒ '돈이 보이는 리얼타임 뉴스' 머니투데이, 무단전재 및 재배포 금지>
	
"
"구미대, 초등학생 대상 SW교육(코딩) 체험 캠프 진행","




// flash 오류를 우회하기 위한 함수 추가
function _flash_removeCallback() {}

	
	[머니투데이 문수빈 기자]  구미대학교는 최근 관내 초등학교 6학년을 대상으로 '2019 구미시 초등학생 SW교육(코딩) 체험 캠프'를 열었다고 8일 밝혔다. 이번 체험 캠프는 수준·단계별 SW(소프트웨어)교육을 제공해 SW에 대한 지속적인 흥미와 관심을 유도하고, 4차 산업혁명을 대비한 컴퓨팅 사고력(Computational Thinking)을 갖춘 '미래형 창의 인재' 양성을 위해 마련됐다. 이번 캠프를 주최한 구미시가 교육비 전액을 지원했다. 구미교육지원청은 교육생 선발을 위해 관내 6개교를 대상으로 150명을 사전 선발했다.  선발된 학생은 8일부터 오는 18일까지 3기(1기 8.8~9, 2기 8.12~13, 3기 8.17~18)로 나눠 기수별 2일간의 일정으로 구미대와 신평동 융합캠퍼스에서 교육을 받는다. 특히 이번 캠프는 길찾기 보드게임, 햄스터 로봇 미션수행 등 학생의 수준을 고려한 맞춤형 프로그램으로 구성했다. 생소한 컴퓨터 프로그래밍 언어를 재밌게 익히고 실습을 통해 코딩에 대한 이해도와 접근성을 높였다. 주요 프로그램은 △4차산업과 직업의 이해, 언플러그드 컴퓨팅(컴퓨터 없이 컴퓨터 과학의 원리를 배우는 활동) 개요 △개별·그룹 활동으로 길찾기 보드게임 △소프트웨어 코딩 및 알고리즘 개요 △피지컬 컴퓨팅(햄스터 로봇 미션과제) △3D팬 활용 모형만들기 등 다양하다.위세빈(선주초, 6학년) 학생은 ""친구들과 함께 놀면서 미션을 해결하는 활동에 참여했다. 재밌고 즐거운 시간이었다""며 ""기회가 된다면 다음에도 참가할 것""이라고 말했다. 이성칠 구미시 문화체육관광국장은 ""2015 개정교육과정에 따라 초등학교 SW교육이 의무화되면서 학생과 학부모의 코딩 교육에 대한 관심이 높아지고 있다""면서 ""이번 체험 캠프를 통해 학생이 소프트웨어 기초 소양을 함양하고 컴퓨팅 사고력을 높여 미래 인재로 성장하길 바란다""고 강조했다.문수빈 기자 ▶주식투자 감 잡고 싶다면 [재테크 칼럼]▶바람 피운 배우자 4가지 징후 [변호사 가사상담] ▶주요 이슈만 콕콕! <저작권자 ⓒ '돈이 보이는 리얼타임 뉴스' 머니투데이, 무단전재 및 재배포 금지>
	
"
"배재대 항공운항과, 제6회 예비승무원 대회 실시","




// flash 오류를 우회하기 위한 함수 추가
function _flash_removeCallback() {}

	
	[머니투데이 대학경제 권현수 기자]  배재대학교 항공운항과가 8일부터 오는 9일까지 고교생을 대학으로 초청해 '제6회 예비승무원대회'를 연다. 예비승무원 대회는 2020학년도 대입 수시모집을 앞두고 배재대가 갖춘 B-747 항공실습실(Mock-UP)에서 객실 서비스 시연·체험을 진행한다.전국에서 모인 고교생은 항공기 비상상황 대비 안전교육, 신입생 수시모집 대비 모의 면접 등 다양한 교육과정을 체험한다.특히 재학생과 Q&A 시간을 갖고 합격 방법, 대학 생활 전반에 관해 알려주는 시간도 가진다. 항공운항과 교수진은 배재대가 보유한 셀프뷰 면접시스템을 활용해 모의 면접을 여는 등 실질적 도움을 줄 예정이다.정희용 학과장은 ""승무원을 꿈꾸는 고교생에게 생동감 넘치는 배재대 항공운항과를 알리고자 예비승무원대회를 준비했다""며 ""폭염 속에서 전공 수련과정을 펼친 재학생에게 감사함을 전한다""고 말했다.한편 지난 2014년 설립돼 두 번째 졸업생을 배출한 배재대 항공운항과는 항공사 객실 승무원 8명을 배출했다. 올해 상반기에도 재학생 3명이 항공사 객실승무원으로 취업했다. 이들은 대한항공, 에어부산, 이스타항공, 플라이강원, 티웨이항공, 에어필립 등 항공사를 비롯해 에어코리아, 신라면세점, 신라호텔, 웨스틴조선호텔 등으로 진출했다.권현수 기자 ▶주식투자 감 잡고 싶다면 [재테크 칼럼]▶바람 피운 배우자 4가지 징후 [변호사 가사상담] ▶주요 이슈만 콕콕! <저작권자 ⓒ '돈이 보이는 리얼타임 뉴스' 머니투데이, 무단전재 및 재배포 금지>
	
"
"한국쉘석유, 부경대 발전기금 2000만 원 기부","




// flash 오류를 우회하기 위한 함수 추가
function _flash_removeCallback() {}

	
	[머니투데이 대학경제 권현수 기자]  한국쉘석유㈜가 8일 부경대학교에 발전기금 2000만 원을 기부했다. 이날 한국쉘석유㈜ 박용섭 경영지원부장은 부경대 대학본부 6층 대외협력과를 찾아 서동철 대외협력과장에게 학생 장학금으로 써달라며 2000만 원을 전달했다. 한국쉘석유㈜는 매년 부경대에 발전기금을 기부하며 화공, 화학, 기계 분야 우수 인재 양성을 지원하고 있다. 지난 2003년부터 올해까지 기부한 금액은 총 2억 6500만 원에 이른다. 부경대는 이 발전기금을 화공, 화학, 기계 분야 학과의 우수 학생에게 장학금으로 지원할 계획이다. 지금까지 모두 113명의 학생이 이 장학금 혜택을 받았다. 한국쉘석유㈜는 지난 1960년 설립돼 자동차, 선박용 윤활유, 그리스 제품을 생산·판매·수출하고 있다. 글로벌 기업 로열더치쉘(Royal Dutch Shell) 그룹의 계열 회사다.권현수 기자 ▶주식투자 감 잡고 싶다면 [재테크 칼럼]▶바람 피운 배우자 4가지 징후 [변호사 가사상담] ▶주요 이슈만 콕콕! <저작권자 ⓒ '돈이 보이는 리얼타임 뉴스' 머니투데이, 무단전재 및 재배포 금지>
	
"
"코스피, 10.90p(0.57%) 오른 1920.61 마감, 원/달러 환율 0.4원 내린 1214.9원 마감","




// flash 오류를 우회하기 위한 함수 추가
function _flash_removeCallback() {}

	
	[머니투데이 박계현 기자] 8일 코스피, 서울 외환시장 마감박계현 기자 unmblue@mt.co.kr▶주식투자 감 잡고 싶다면 [재테크 칼럼]▶바람 피운 배우자 4가지 징후 [변호사 가사상담] ▶주요 이슈만 콕콕! <저작권자 ⓒ '돈이 보이는 리얼타임 뉴스' 머니투데이, 무단전재 및 재배포 금지>
	
"
"[스팟]코스피, 10.90p(0.57%) 오른 1920.61로 마감","




// flash 오류를 우회하기 위한 함수 추가
function _flash_removeCallback() {}

	
	[머니투데이 이태성 기자] 8일 코스피 마감.이태성 기자 lts320@mt.co.kr▶주식투자 감 잡고 싶다면 [재테크 칼럼]▶바람 피운 배우자 4가지 징후 [변호사 가사상담] ▶주요 이슈만 콕콕! <저작권자 ⓒ '돈이 보이는 리얼타임 뉴스' 머니투데이, 무단전재 및 재배포 금지>
	
"
"[스팟]코스닥, 20.80p(3.68%) 오른 585.44로 마감","




// flash 오류를 우회하기 위한 함수 추가
function _flash_removeCallback() {}

	
	[머니투데이 이태성 기자] 8일 코스닥 마감.이태성 기자 lts320@mt.co.kr▶주식투자 감 잡고 싶다면 [재테크 칼럼]▶바람 피운 배우자 4가지 징후 [변호사 가사상담] ▶주요 이슈만 콕콕! <저작권자 ⓒ '돈이 보이는 리얼타임 뉴스' 머니투데이, 무단전재 및 재배포 금지>
	
"
"카카오페이지·네이버웹툰, 콘텐츠 공룡 IPO 시장 뜬다","




// flash 오류를 우회하기 위한 함수 추가
function _flash_removeCallback() {}

	
	[머니투데이 김도윤 기자, 황국상 기자] [카카오페이지 이어 네이버웹툰 IPO 선언…뉴미디어 콘텐츠 플랫폼 새 시장 창출 기대감↑]국내 대표적인 뉴미디어 콘텐츠 플랫폼 쌍두마차 네이버웹툰과 카카오페이지가 IPO(기업공개)를 선언했다. '스낵컬처'를 주도하고 있는 두 회사가 자본시장을 통해 나란히 성공 스토리를 쓸 수 있을지 주목된다. 글로벌 시장 활약이 기대되는 국내 콘텐츠 플랫폼 기업의 등장에 공모 시장에서도 기대감이 높아지고 있다.8일 관련업계에 따르면 카카오페이지가 주관사 선정을 마치고 상장을 위한 준비 작업을 진행 중인 가운데 네이버웹툰 역시 IPO 계획을 확정했다. 카카오페이지는 2020년 상장이 예상되고, 네이버웹툰은 2020년 손익분기점 달성 뒤 본격적으로 IPO 준비를 시작할 것으로 전망된다.카카오페이지와 네이버웹툰은 콘텐츠 소비 환경 변화에 따라 가파른 가치 상승이 기대되는 기업이라는 공통점이 있다. 과자를 먹듯 비교적 짧은 5~15분 정도에 문화 콘텐츠를 소비한다는 의미의 스낵컬처 현상의 수혜가 예상되는 대표적 기업이다. 카카오페이지는 웹소설, 네이버웹툰은 웹툰에 보다 경쟁력이 있다는 평가다.카카오페이지는 올해 상반기 NH투자증권과 KB증권을 IPO 주관사로 선정하고 먼저 상장 준비 작업에 돌입했다. 시장에선 이미 1조원 이상의 기업가치가 거론된다. 올해 실적 성장을 바탕으로 내년 IPO를 추진할 경우 더욱 높은 기업가치를 인정받을 것으로 관측된다. 2016년 흑자전환에 성공하며 꾸준한 실적 성장을 이어가고 있다. 네이버웹툰은 글로벌 시장 진출에 적극적이다. 글로벌 웹툰 시장에서 가장 높은 시장 지위를 구축했다는 평가를 받는다. 이미 미국 등 6개 나라에서 웹툰 플랫폼 사업을 벌이고 있다. 이용자수 등에서 카카오페이지보다 앞서는 것으로 파악된다. 올해까지 적자가 예상되는 등 수익 구조 마련 측면에선 카카오페이지보다 느리지만 해외 시장 공략 성과 및 플랫폼 점유율 등을 고려할 때 보다 높은 기업가치를 꾀할 수 있다는 분석도 적지않다.투자 시장에선 지금 당장 밸류에이션을 논하기 어려운 측면이 있지만 뉴미디어 콘텐츠 플랫폼이 중장기적 성장이 기대되는 분야라는 데는 이견이 없다. 콘텐츠 소비가 모바일로 집중되면서 카카오페이지와 네이버웹툰의 플랫폼 경쟁력이 더욱 높아질 것이란 전망이 우세하다. 향후 웹툰과 웹소설뿐 아니라 동영상, 영화, 드라마, 음악, 광고, 상품 등 여러 콘텐츠를 아우르는 종합 플랫폼으로 도약할 것으로 기대된다.특히 업계에선 네이버웹툰과 카카오페이지가 웹툰 및 웹소설이라는 새로운 문화 콘텐츠 영역에서 글로벌 시장을 주도하는 기업으로 자리매김 할 수 있을 것이란 기대감도 나타내고 있다. 웹툰과 웹소설의 경우 우리나라 기업이 주도하는 글로벌 문화 콘텐츠 사업이라는 점에서 더욱 눈길을 끈다.김창권 미래에셋대우 연구원은 ""미국에서 네이버웹툰 플랫폼을 보면 상위권 웹툰 중 2개를 제외하고 현지 작가의 작품""이라며 ""각 나라의 크리에이터가 활용하는 플랫폼이라는 점에서 동영상과 웹툰이라는 차이만 있을 뿐 사업 구조는 유튜브와 유사한 측면이 있다""고 말했다. 김 연구원은 이어 ""스낵컬처라는 문화 현상과 웹툰 플랫폼 경쟁력이 결합하면서 새로운 수요를 창출하고 글로벌 시장으로 확산된다는 점에선 넷플릭스와 비슷하다 볼 수 있다""며 ""네이버웹툰과 카카오페이지의 사업적 성과와 성장이 더욱 기대되는 것도 이 때문""이라고 설명했다.증권업계 관계자는 ""카카오페이지가 내년 좋은 평가를 받으며 IPO에 성공하고 네이버웹툰까지 이어 공모시장에서 활약을 이어갈 경우 모회사인 카카오와 네이버의 기업가치 향상도 기대할 수 있다""며 ""카카오페이지와 네이버웹툰이 자본시장에서 자리잡고 관련 분야 투자 확대에 나선다면 국내 콘텐츠 산업 성장과 관련 기업의 가치 상승에도 역할을 할 수 있을 것""이라고 말했다.김도윤 기자 justice@, 황국상 기자 gshwang@mt.co.kr▶주식투자 감 잡고 싶다면 [재테크 칼럼]▶바람 피운 배우자 4가지 징후 [변호사 가사상담] ▶주요 이슈만 콕콕! <저작권자 ⓒ '돈이 보이는 리얼타임 뉴스' 머니투데이, 무단전재 및 재배포 금지>
	
"
"한샘, 고덕 그라시움 아파트 입주민 대상 입주 박람회","




// flash 오류를 우회하기 위한 함수 추가
function _flash_removeCallback() {}

	
	[머니투데이 지영호 기자] 한샘 붙박이장.홈인테리어 전문기업 한샘은 오는 9일부터 11일까지 3일간 서울시 강남구 학여울역 세텍 2·3 전시실에서 고덕 그라시움 입주민을 대상으로 입주 박람회를 진행한다.약 1500평 규모 행사장에 100여개의 업체들이 참여하는 이번 박람회에는 가구, 가전 커튼, 블라인드, 입주청소 등 새 아파트 입주에 필요한 상품을 할인된 가격에 구입·계약할 수 있다.한샘은 고덕 그라시움 전용 붙박이장을 선보이는 한편 하반기 출시 예정인 신제품 일부를 먼저 선보인다는 계획이다. 침대, 소파, 식탁 등의 가구와 커튼, 러그 등 패브릭 제품을 최대 20% 할인된 가격에 판매한다. 생활용품 할인율은 최대 65%다.아울러 한샘은 입주민들에게 동별, 층별, 타입별 특성에 맞는 인테리어를 제안한다. 한샘의 공간 전문가 SC(Space Coordinator)는 3D 상담프로그램인 '홈플래너'를 이용해 가구설치 후의 모습을 가상으로 보여준다.지영호 기자 tellme@mt.co.kr▶주식투자 감 잡고 싶다면 [재테크 칼럼]▶바람 피운 배우자 4가지 징후 [변호사 가사상담] ▶주요 이슈만 콕콕! <저작권자 ⓒ '돈이 보이는 리얼타임 뉴스' 머니투데이, 무단전재 및 재배포 금지>
	
"
"스튜디오드래곤, 2분기 영업이익 107.8억원…전년비 47.3% 증가","




// flash 오류를 우회하기 위한 함수 추가
function _flash_removeCallback() {}

	
	[머니투데이 김현아 기자] 스튜디오드래곤은 2분기 연결 기준 잠정 영업이익이 전년 동기 대비 47.3% 오른 107억8000만원을 기록했다고 8일 공시했다. 같은 기간 매출액은 1282억4000만원으로 72.6% 증가했다. 순이익은 73억4000만원으로 17.4% 줄었다.김현아 기자 jvdith@mt.co.kr▶주식투자 감 잡고 싶다면 [재테크 칼럼]▶바람 피운 배우자 4가지 징후 [변호사 가사상담] ▶주요 이슈만 콕콕! <저작권자 ⓒ '돈이 보이는 리얼타임 뉴스' 머니투데이, 무단전재 및 재배포 금지>
	
"
"철구, 군복무 중 원정도박 혐의…'해외여행' 어떻게?","




// flash 오류를 우회하기 위한 함수 추가
function _flash_removeCallback() {}

	
	[머니투데이 이재은 기자] [여행 출발 1개월 전까지 해외여행 신청시 가능] /사진=온라인 커뮤니티군복무 중인 BJ철구가 필리핀 마닐라에서 원정도박 의혹에 휩싸인 가운데, 군복무 중인 장병이 어떻게 해외를 나갈 수 있었는지에 눈길이 쏠린다.8일 8일 한 온라인 커뮤니티에는 '철구 필리핀 마닐라 카지노에서 바카라 중'이라는 제목의 글과 함께 한 장의 사진이 공개됐다. 공개된 사진에는 철구(본명 이예준·30)로 추정되는 남성이 다른 남성 및 여성과 함께 도박을 즐기고 있는 모습이 담겨 있다. 작성자는 ""마닐라의 한 카지노다. 철구는 BJ서윤이랑 있다""고 말했다.이 사진이 온라인 커뮤니티에서 확산되자 누리꾼들은 ""군인 신분으로 해외 원정 도박한 것이 아니냐""며 비판했다. 철구는 지난해 10월 입대해 현재 상근예비역으로 복무 중이라는 점에서 이 의혹이 사실이라면 큰 파장을 일으킬 것으로 보인다. ""군복무 중에 해외를 갈 수 있냐""는 의문을 가진 이들도 적지 않다.병무청에 따르면 현역장병의 해외여행은 본인의 휴가 범위에서 '우리나라와 수교를 맺은 국가와 무관주재국 및 겸임국'에 한정해 가능하다. 여행 출발 1개월 전까지 장병 본인이 지휘계통으로 사적용무 해외여행 허가서, 휴가 명령지, 휴가 계획서 등을 제출하면 된다. 이후 소속부대장의 추천을 토대로 장관급 지휘관 및 부서장의 승인이 내려지며, 승인을 받은 후에는 각 지방자치단체 여권계에서 여권을 발급받아 해외여행을 갈 수 있다. 한편 BJ철구는 스타크래프트 프로게이머로 활동하다 2008년 은퇴했다. 이후 유튜브를 비롯한 인터넷 방송으로 10년 넘게 큰 인기를 끌었다. 그는 BJ핵찌가 등장하기 전까지 아프리카TV에서 일일 최대 별풍선 1위를 기록했을 정도로 유명했다. 현재 유튜브 철구 채널의 구독자 수는 약 120만명에 달한다.철구는 선정적이고 폭력적인 방송 내용이나 과한 언행으로 수차례 입길에 올랐다. 앞서 방송통신심의위원회로부터 이용정지 7일의 시정요구를 받기도 했다. 철구는 BJ 외질혜와 2016년 결혼해 슬하에 1녀를 두고 있다.이재은 기자 jennylee11@mt.co.kr▶주식투자 감 잡고 싶다면 [재테크 칼럼]▶바람 피운 배우자 4가지 징후 [변호사 가사상담] ▶주요 이슈만 콕콕! <저작권자 ⓒ '돈이 보이는 리얼타임 뉴스' 머니투데이, 무단전재 및 재배포 금지>
	
"
"SAP코리아, LG CNS와 스마트팩토리 구축","




// flash 오류를 우회하기 위한 함수 추가
function _flash_removeCallback() {}

	
	[머니투데이 강미선 기자] [양사 솔루션 노하우 결합, 국내 제조사 특화 스마트팩토리 서비스 개발] (사진 왼쪽부터)LG CNS 하이테크사업부 이재성 부사장, LG CNS  최고기술책임자(CTO) 현신균 부사장, SAP 스콧 러셀 아태지역 회장, SAP 코리아 이성열 대표가 8일 오전 서울 강서구 LG CNS  본사에서 열린 MOU 체결식에서 기념촬영을 하고 있다./사진=SAPSAP코리아는 LG CNS와 국내 제조기업의 성공적인 스마트팩토리 구축 및 운영을 지원하기 위한 업무협약을 체결했다고 8일 밝혔다.LG CNS의 하이테크사업부 이재성 부사장, 최고기술책임자(CTO) 현신균 부사장을 비롯해 SAP의 스콧 러셀 아태지역 회장과 SAP코리아 이성열 대표 등 양사 관계자가 이날 협약식에 참석해 향후 협력방안을 논의했다.  양사는 이번 파트너십을 시작으로 스마트팩토리 분야 공동 사업과 국내 제조기업의 디지털 변혁 지원을 위한 다양한 협력방안을 모색한다. SAP의 글로벌 노하우에 LG CNS의 20년 이상 국내 시장 스마트팩토리 구축 역량을 결합해 국내 제조기업의 특성을 고려한 맞춤형 주문생산 모델(OCP·Order Controlled Production)을 공동 개발한다는 계획이다.LG CNS의 통합 스마트팩토리 플랫폼 ‘팩토바(Factova)’에 SAP의 디지털 혁신 플랫폼 ‘SAP 레오나르도(SAP Leonardo)’도 결합한다.각 사 솔루션을 활용한 개발 방식 혁신을 위해 양사 관계자가 참여하는 태스크포스(TF)가 하반기부터 운영된다. 양사는 2020년까지 4차 산업혁명 시대를 선도할 인텔리전트 엔터프라이즈 분야 솔루션 전문가 200명을 양성하기 위한 공동 사업도 펼칠 계획이다.  현신균 LG CNS 부사장은 ""개방형 생태계에서 빠른 성장을 위해서는 SAP와 같은 글로벌 톱 기업들과의 오픈 이노베이션이 필요하다""며 ""SAP와의 전략적 협력을 통해 다양한 IT영역에서 디지털 트랜스포메이션 시장을 선도할 것""이라고 말했다.스콧 러셀 SAP 아태지역 회장은 ""LG CNS의 산업 및 기술 전문성과 SAP의 인텔리전트 엔터프라이즈 솔루션을 결합해 기업의 혁신을 도와 세계적인 선도 사례를 구현하고, 경쟁력을 높일 수 있도록 지원할 것""이라고 말했다. 한편 SAP와 LG CNS는 빅데이터 및 고급분석 사업 협력을 비롯해 LG CNS 부산 글로벌 클라우드 데이터센터에 SAP HEC 센터를 개설하는 등 긴밀한 협력 관계를 유지하고 있다.강미선 기자 river@mt.co.kr▶주식투자 감 잡고 싶다면 [재테크 칼럼]▶바람 피운 배우자 4가지 징후 [변호사 가사상담] ▶주요 이슈만 콕콕! <저작권자 ⓒ '돈이 보이는 리얼타임 뉴스' 머니투데이, 무단전재 및 재배포 금지>
	
"
"철구, 아내 외질혜는 어쩌고…BJ 서윤과 원정 도박 의혹","




// flash 오류를 우회하기 위한 함수 추가
function _flash_removeCallback() {}

	
	[머니투데이 류원혜 인턴기자] [누리꾼 ""군복무 중에 아내 아닌 다른 여성과 해외 원정 도박이라니"" 비판] BJ 외질혜(왼쪽), BJ 철구./사진=외질혜 SNSBJ 철구(본명 이예준·30)가 군복무 중 필리핀 마닐라에서 BJ 서윤과 함께 원정도박을 했다는 의혹에 휩싸인 가운데 그의 아내 BJ 외질혜(본명 전지혜·24)에게도 관심이 쏠리고 있다. 철구는 현재 군인 신분이다. 외질혜는 구독자 80만명을 보유한 인기 유튜버로 과거 성형 커밍아웃, 성희롱 발언으로 논란에 휩싸인 바 있다. 그는 지난 6월 성희롱 발언으로 아프리카TV로부터 '3일 방송 정지' 처분을 받았다. 2016년에는 철구와 결혼해 슬하에 1녀를 두고 있다.앞서 8일 한 온라인 커뮤니티에는 '철구 필리핀 마닐라 카지노에서 바카라 중'이라는 제목의 글과 함께 한 장의 사진이 공개됐다. 공개된 사진에는 철구로 추정되는 남성이 다른 남성 및 여성과 함께 도박을 즐기고 있는 모습이 담겨 있다.작성자는 ""마닐라의 한 카지노다. 철구는 BJ서윤이랑 있다""고 말했다. /사진=온라인 커뮤니티이 사진이 온라인 커뮤니티에서 확산되자 누리꾼들은 ""군인 신분으로 해외 원정 도박하는 것이 가능한가"", ""아내 외질혜는 어디 있고 다른 여자와 해외에 갔느냐""며 비판하고 있다. 철구는 지난해 10월 입대해 현재 상근예비역으로 복무 중이라는 점에서 이 의혹이 사실이라면 큰 파장을 일으킬 것으로 보인다. 군인의 지위 및 복무에 관한 기본법 제30조에는 '군인은 군무 외에 영리를 목적으로 하는 업무에 종사하지 못하며 국방부 장관의 허가를 받지 아니하고는 다른 직무를 겸할 수 없다'고 기재돼 있다. 한편 BJ철구는 스타크래프트 프로게이머로 활동하다 2008년 은퇴했다. 이후 유튜브를 비롯한 인터넷 방송으로 10년 넘게 큰 인기를 끌었다. 그는 BJ핵찌가 등장하기 전까지 아프리카TV에서 일일 최대 별풍선 1위를 기록했을 정도로 유명했다. 현재 유튜브에서 철구 채널의 구독자 수는 약 120만명이다. 그는 과거 선정적이고 폭력적인 방송 내용이나 과한 언행으로 수차례 논란을 빚었다. 인종차별, 기초 수급자 비하, 5.18 광주민주화운동을 폄하하는 발언을 하거나 시청자들에게 폭언하고 아내 외질혜의 머리를 밀치기도 했다. 이에 철구는 지난해 9월 방송통신심의위원회로부터 이용정지 7일의 시정요구를 받았다.류원혜 인턴기자 hoopooh1@mt.co.kr▶주식투자 감 잡고 싶다면 [재테크 칼럼]▶바람 피운 배우자 4가지 징후 [변호사 가사상담] ▶주요 이슈만 콕콕! <저작권자 ⓒ '돈이 보이는 리얼타임 뉴스' 머니투데이, 무단전재 및 재배포 금지>
	
"
"""황교안 '벙어리' 표현, 장애인 비하 발언…공식 사과해야""","




// flash 오류를 우회하기 위한 함수 추가
function _flash_removeCallback() {}

	
	[머니투데이 이호길 인턴기자] [황교안, 문 대통령 비판하며 '벙어리' 표현 사용…'언어 장애인을 낮잡아 이르는 말'] 황교안 자유한국당 대표가 지난 1일 오전 서울 여의도 국회에서 열린 의원총회에서 물을 마시고 있다./사진=홍봉진 기자박경석 전국장애인차별철폐연대 상임공동대표가 황교안 자유한국당 대표의 '벙어리' 발언을 지적하며 ""공식 사과하라""고 주장했다.박 대표는 8일 자신의 페이스북을 통해 ""자유한국당 당대표 황교안 대표는 장애인을 비하하는 발언을 했다""며 이같이 밝혔다. 이어 ""장애인 인권 교육을 국가인권위가 제시하는 기준으로 받아야 한다""고 적었다.그러면서 ""참을 수 없는 분노를 누르면서 차분히 인권적으로 말할 때 듣는 것이 좋을 것 같다""고 경고했다. 아울러 황 대표의 벙어리 발언을 다룬 뉴스 화면과 벙어리의 의미를 나타낸 어학사전 캡처 사진을 첨부했다.이는 황 대표의 지난 7일 발언을 문제 삼은 것이다. 황 대표는 이날 국회에서 열린 최고위원·중진의원 연석회의에서 ""문 대통령이 일본 수출 규제에는 국무회의 생중계까지 하더니 북한 미사일 도발에는 대통령이 벙어리가 돼 버렸다""고 말했다./사진=박경석 대표 페이스북벙어리라는 말은 장애인에 대한 인권 침해 요소가 다분한 표현이다. 국립국어원의 표준국어대사전에 따르면 벙어리의 뜻은 '언어 장애인을 낮잡아 이르는 말'이다.국가인권위원회도 2014년 벙어리라는 표현을 자제해야 한다고 밝혔다. 인권위는 이 표현이 과거부터 이어져 온 부정적인 용어라고 지적했다. 아울러 이 표현은 불특정 장애인에 대한 부정적인 고정관념과 편견을 심화할 수 있고, 장애인에 대한 인식을 제약할 소지가 있다고 판단했다.인권위는 당시 '벙어리' 뿐만 아니라 '장애자', '불구자' 등의 용어를 이같은 표현으로 꼽았다.이호길 인턴기자 psylee100@mt.co.kr▶주식투자 감 잡고 싶다면 [재테크 칼럼]▶바람 피운 배우자 4가지 징후 [변호사 가사상담] ▶주요 이슈만 콕콕! <저작권자 ⓒ '돈이 보이는 리얼타임 뉴스' 머니투데이, 무단전재 및 재배포 금지>
	
"
"CJ ENM, 2분기 영업이익 968.3억원…전년비 95%↑","




// flash 오류를 우회하기 위한 함수 추가
function _flash_removeCallback() {}

	
	[머니투데이 김현아 기자] CJ ENM은 2분기 연결 기준 매출액이 1조2604억원, 영업이익이 968억3000만원으로 잠정 집계됐다고 8일 공시했다. 이는 전년 동기 대비 각각 115.4%, 95% 증가한 수치다. 같은 기간 순이익은 137.7% 오른 658억3000만원이다. 김현아 기자 jvdith@mt.co.kr▶주식투자 감 잡고 싶다면 [재테크 칼럼]▶바람 피운 배우자 4가지 징후 [변호사 가사상담] ▶주요 이슈만 콕콕! <저작권자 ⓒ '돈이 보이는 리얼타임 뉴스' 머니투데이, 무단전재 및 재배포 금지>
	
"
"CJ제일제당, 2Q 영업익 1753억","




// flash 오류를 우회하기 위한 함수 추가
function _flash_removeCallback() {}

	
	[머니투데이 이정혁 기자] CJ제일제당은 2분기 연결 기준 잠정 매출과 영업이익이 각각 5조5153억1000만원, 1753억이라고 8일 공시했다.매출은 전년 동기 대비 23.8% 증가했다. 같은 기간 영업이익은 5% 감소했다.이정혁 기자 utopia@mt.co.kr▶주식투자 감 잡고 싶다면 [재테크 칼럼]▶바람 피운 배우자 4가지 징후 [변호사 가사상담] ▶주요 이슈만 콕콕! <저작권자 ⓒ '돈이 보이는 리얼타임 뉴스' 머니투데이, 무단전재 및 재배포 금지>
	
"
"""이 돈이면 해외로…"" 강릉 숙박비 어느정도길래","




// flash 오류를 우회하기 위한 함수 추가
function _flash_removeCallback() {}

	
	[머니투데이 최동수 기자] [8월 주요 도시별 숙박업체 평균가격 비교…더블룸 1박 기준 강릉 22만4000원·경주18만9000원 런던 19만3000원보다 비싸] #1. 지난 7월 말 가족과 함께 2박3일 강원 강릉 경포대 여행을 다녀온 이모씨(40)는 바가지요금에 혀를 내둘렀다. 휴가 때 쓴 비용은 총 110만원, 숙박비만 60만원이 들었다. 바다가 보이는 방이었지만 침대 밑에는 먼지가 수북히 쌓여 있었다. 이씨는 ""시간이 없어 국내로 여행을 왔는데 이 돈이면 동남아로 가겠다""고 말했다.#2. 8월 중순 베트남으로 여름휴가를 떠나는 직장인 김모씨(32). 미리 휴가를 준비한 김씨는 비행기표를 단돈 10만원에 구했다. 바닷가 바로 앞에 있는 호텔을 예약하는 덴 1박에 10만원씩 30만원이 들었다. 김씨는 ""방해받지 않고 조용하게 푹 쉬다 올 계획""이라며 ""물가도 싸 30만원 정도만 더 환전하면 될 것 같다""고 말했다.장마가 끝나고 본격적인 휴가철이 시작되며 국내 주요 피서지마다 '바가지요금'에 대한 불만이 터져나오고 있다. 일본 상품·관광 불매 운동으로 국내 여행 수요가 늘었다고 하지만 바가지요금 때문에 다른 국가로 눈길을 돌리는 사람들도 다수다. 지방자치단체의 적극적인 바가지요금 관리와 숙박·음식업체의 자정 노력이 필요하다는 지적이 나온다. 8일 호텔 가격비교 사이트 '트리바고'(Trivago)' 호텔요금지수(HPI)에 따르면 이달 주요 도시 더블룸 1박 평균 가격이 △강릉 22만원4000원 △속초 18만6000원 △경주 18만9000원 △부산 17만8000원 △여수 14만3000원 △인천 17만3000원으로 집계됐다. 국내 주요 도시 숙박업소 8월 가격은 같은 기간 해외 유명 휴양지·도시보다 대부분 비쌌다. △영국 런던 19만3000원 △멕시코 칸쿤 18만7000원 △스페인 바르셀로나 18만2000원 △일본 도쿄 17만8000원 △프랑스 파리 16만4000원 등으로 강릉보다 저렴했다. △미국 하와이 25만3000원 △뉴욕 24만3000원 △캐나다 밴쿠버 26만7000원 등으로 일부 지역만 국내 주요 피서지보다 비쌌다. 동남아시아와 비교하면 격차는 크게 두 배를 넘는다. 베트남 다낭이 12만4000원으로 집계됐고 △대만 타이페이시티 11만원 △태국 방콕 11만5000원 등이 뒤를 이었다. 1박당 10만원 이하로는 △필리핀 세부 6만5000원 △태국 파타야 7만8000원 등도 있다. '같은 값이면 동남아 간다'는 말이 나오는 것도 이 때문이다.전문가들은 지역상인협회 등을 중심으로 바가지요금을 줄이는 자정노력을 해야 한다고 지적한다. 더불어 지자체는 더 많은 관광객이 찾을 수 있도록 상인과 연계해 다양한 관광상품을 개발해야 한다고 조언한다.이훈 한양대학교 관광학과 교수는 ""평창 동계올림픽 때도 강릉시 숙박업소들이 무리하게 요금을 올렸다가 관광객 항의로 요금을 내리는 일이 있었다""며 ""관행으로 자리잡은 바가지요금은 '한몫 잡겠다'는 인식을 버려야 한다""고 말했다.이어 ""지자체는 관광상품을 개발해 비수기 때 관광객을 더 늘려야 한다""며 ""비수기 때도 국내 관광객들이 찾으면 상인들이나 숙박업소들이 성수기 때 바가지요금을 씌우지 않고 운영할 수 있는 환경이 마련될 수 있을 것""이라고 조언했다.최동수 기자 firefly@mt.co.kr▶주식투자 감 잡고 싶다면 [재테크 칼럼]▶바람 피운 배우자 4가지 징후 [변호사 가사상담] ▶주요 이슈만 콕콕! <저작권자 ⓒ '돈이 보이는 리얼타임 뉴스' 머니투데이, 무단전재 및 재배포 금지>
	
"
"""국회 정무위, P2P 금융 제정법 통과해야""…업계 한목소리","




// flash 오류를 우회하기 위한 함수 추가
function _flash_removeCallback() {}

	
	[머니투데이 진경진 기자] [""국내 P2P 산업, 선진국과비교해 10년 이상 뒤쳐져""]국회 정무위원회가 5개월만에 재개된다는 소식에 핀테크 산업을 대표하는 4개 협회가 'P2P금융 제정법'의 조속한 법안 통과를 촉구했다. 코리아스타트업포럼, 한국핀테크산업협회, 한국P2P금융협회, 한국인터넷기업협회 산하 마켓플레이스금융협의회 등 4개 혁신 기업들은 8일 현재 국회에 계류돼있는 'P2P 금융 제정법' 논의를 위해 국회 정무위의 조속한 개회를 요청한다는 내용의 입장문을 발표했다. 이들은 ""전 세계적으로 핀테크 산업이 폭발적으로 성장하고 있는 가운데 국내 핀테크 관련 제도 정비는 수년째 국회 문턱을 넘지 못하고 있다""며 ""핀테크 혁신의 중요한 법안 논의를 위해 국회 정무위원회가 조속히 개회해야한다""고 요청했다. 특히 'P2P금융 제정법'을 정무위의 우선 심사 법안으로 삼아야 한다고 강조했다. 이들은 ""P2P금융은 2005년 영국의 '조파(Zopa)'를 시작으로 현재 금융 선진국에서 빠르게 성장하는 서비스로 미국 시장만 60조원에 달한다""며 ""하지만 국내는 P2P금융 서비스에 대한 개념이 없어서 전통적인 금융규제의 관점으로 관련 스타트업을 옭아매고 있다""고 지적했다. 그러면서 ""국내 P2P산업은 금융 선진국과 단순 비교해도 10여년 이상 뒤처져 있다""며 ""기술의 발전 속도, 세계적 경쟁, 사회적 후생을 고려할 때 우려를 넘어 위기감이 고조되고 있다""고 했다. 이어 ""금융의 새로운 가능성을 위축시키는 경직적 규제는 과감히 정비해야한다""며 ""혁신적 핀테크 산업이 안정적으로 성장할 기회를 보장해야 한다""고 덧붙였다.다음은 입장문 전문.‘P2P금융 제정법’ 논의를 위해 국회 정무위원회의 조속한 개회를 요청합니다 전 세계적으로 핀테크 산업이 폭발적으로 성장하고 있습니다. 그러나 국내 핀테크 서비스 성장의 밑거름이 되는 제도 정비는 수 년째 국회 문턱을 넘지 못하고 있습니다. 핀테크 혁신의 중요한 법안 논의를 위하여 국회 정무위원회의 조속한 개회를 요청합니다. 국회 논의가 더 지체된다면 국내 핀테크 산업은 국제 수준의 경쟁력을 상실하고 스타트업의 금융혁신 동력 또한 큰 타격을받게 될 것입니다. 특히 ‘P2P금융 제정법’을 빠르게 심의해야 합니다. P2P금융은 2005년 ‘Zopa’를 시작으로 현재 금융 선진국에서 빠르게 성장하는 서비스입니다. P2P금융의 시장 규모는 현재 미국에서만 60조 원에 달합니다. 하지만 국내의 제도는 P2P금융 서비스에 대한 개념조차 인식하는 체계가 없어서 전통적인 금융규제의 관점으로 관련 스타트업을 옭아매고 있습니다. P2P금융서비스를 정의하는 법률이 2년 전에 가까스로 발의되었지만 2019년 현재까지도 국회 상임위원회에 잠들어 있습니다. 우리는 핀테크 시대로의 도약은 고사하고 출발조차 제대로 못 하고 있습니다. 금 융 선진국과 단순비교해봐도 10여 년 이상 뒤처져 있습니다. 기술의 발전 속도, 세계적 경쟁, 사회적 후생을 고려할 때 우려를 넘어 위기감이 고조되고 있습니다. 이제 우리는 금융을 국가 통제의 대상이 아닌 시민 친화적 서비스의 관점으로 사 고해야 합니다. 금융의 새로운 가능성을 위축시키는 경직적 규제는 과감히 정비 하고, 혁신적 핀테크 산업이 안정적으로 성장할 기회를 보장해야 합니다. 그래야 만 새로운 금융서비스의 효과성과 안정성을 함께 도모할 수 있습니다. 이에 우리는 국회 정무위원회의 조속한 개회를 요청합니다. 2019. 8. 8. 코리아스타트업포럼, 한국핀테크산업협회, 한국P2P금융협회, 한국인터넷기업협회 산하 마켓플레이스금융협의회 진경진 기자 jkjin@mt.co.kr▶주식투자 감 잡고 싶다면 [재테크 칼럼]▶바람 피운 배우자 4가지 징후 [변호사 가사상담] ▶주요 이슈만 콕콕! <저작권자 ⓒ '돈이 보이는 리얼타임 뉴스' 머니투데이, 무단전재 및 재배포 금지>
	
"
"CJ헬로, 2Q 영업익 96억","




// flash 오류를 우회하기 위한 함수 추가
function _flash_removeCallback() {}

	
	[머니투데이 이정혁 기자] CJ헬로는 2분기 연결 기준 영업이익이 96억3400만원으로 전년 동기 대비 38.7% 감소했다고 8일 공시했다.같은 기간 매출은 2854억3400만원으로 전년 동기 대비 2% 줄었다.이정혁 기자 utopia@mt.co.kr▶주식투자 감 잡고 싶다면 [재테크 칼럼]▶바람 피운 배우자 4가지 징후 [변호사 가사상담] ▶주요 이슈만 콕콕! <저작권자 ⓒ '돈이 보이는 리얼타임 뉴스' 머니투데이, 무단전재 및 재배포 금지>
	
"
"내 차 시세 궁금할 땐? 찰칵!… OK저축은행, 시세 확인 서비스 출시","




// flash 오류를 우회하기 위한 함수 추가
function _flash_removeCallback() {}

	
	[머니투데이 진경진 기자]  OK저축은행이 소비자의 자차 차량 중고시세를 편리하게 조회할 수 있는 ‘내차 시세확인 서비스’를 출시했다. 사진은 차량 한도조회 관련 OK저축은행 광고 스틸컷./사진=OK저축은행OK저축은행은 사진 한장만으로 차량의 중고시세를 편리하게 조회할 수 있는 '내 차 시세 확인 서비스'를 출시했다고 8일 밝혔다. '내 차 시세 확인 서비스'는 국내외 50여종의 차량 브랜드(세부 사양 2만6000종 포함)의 △차량정보 △차량연식 △최초 구입가 △현재 시세 △1년~3년 후 차량 가격 등을 확인할 수 있다는 서비스다. OK저축은행 모바일 홈페이지나 앱을 통해 차량 사진을 찍어 올리면 즉시 시세 확인부터 관련 금융 상품 안내까지 원하는 정보를 확인할 수 있다. OK저축은행은 이미지 내에서 문자열을 추출하는 OCR(Optical Character Reader) 기술을 통해 직접 차량번호를 입력하지 않아도 해당 정보를 제공할 수 있도록 시스템을 구축했다.‘내차 시세확인 서비스’는 OK저축은행 거래고객이 아니어도 누구나 이용할 수 있다.OK저축은행은 앞으로도 다양한 영역으로 금융 상품과 연계한 서비스들을 계속해 선보일 예정이다. 진경진 기자 jkjin@mt.co.kr▶주식투자 감 잡고 싶다면 [재테크 칼럼]▶바람 피운 배우자 4가지 징후 [변호사 가사상담] ▶주요 이슈만 콕콕! <저작권자 ⓒ '돈이 보이는 리얼타임 뉴스' 머니투데이, 무단전재 및 재배포 금지>
	
"
"픽셀플러스, 20억원 규모 자기주식취득 계약 결정","




// flash 오류를 우회하기 위한 함수 추가
function _flash_removeCallback() {}

	
	[머니투데이 김현아 기자] 픽셀플러스는 주가 안정화를 통한 주주가치 제고를 위해 20억원 규모의 자기주식 취득 신탁계약 체결을 결정했다고 8일 공시했다. 계약기간은 9일부터 2020년 2월10일까지다. 김현아 기자 jvdith@mt.co.kr▶주식투자 감 잡고 싶다면 [재테크 칼럼]▶바람 피운 배우자 4가지 징후 [변호사 가사상담] ▶주요 이슈만 콕콕! <저작권자 ⓒ '돈이 보이는 리얼타임 뉴스' 머니투데이, 무단전재 및 재배포 금지>
	
"
난민 아들 1인시위 빛바랜 아버지 '난민 불인정'(상보),"




// flash 오류를 우회하기 위한 함수 추가
function _flash_removeCallback() {}

	
	[머니투데이 임찬영 기자] [1인 시위 등 노력 이어갔으나 결국 '인도적체류'만 허가]법무부 서울출입국외국인청(외국인청)은 8일 김민혁군 아버지에 대한 난민재심사 결과 ""이란에 돌아가도 박해받는다는 근거가 없다""며 김군의 아버지에 대해  난민지위를 인정하지 않고 '인도적체류허가'만 허락했다./사진=임찬영 기자이란 출신 난민 김민혁군(16)의 아버지 A씨(52)가 결국 난민으로서 인정받지 못했다. 아들 김군은 1인 시위를 불사하며 아버지의 난민인정을 촉구했으나 당국의 인정판단을 이끌어내지 못했다.법무부 서울출입국외국인청(외국인청)은 8일 오후 ""이란에 돌아가도 박해받는다는 근거가 없다""며 김군의 아버지에 대해 '인도적체류허가'만 허락했다. 난민 인정은 어렵지만 앞서 난민으로 인정받은 미성년자 아들을 고려한 조치다. 인도적 체류란 난민으로서는 불인정하면서도 임시로 한국에 머물 수 있도록 허락하는 조치다. 이 경우 1년 동안 한국에 머물 수 있지만 1년마다 체류 자격 심사를 받아야 하고 생계비와 의료비 등 사회보장 혜택을 받을 수 없다.A씨 측은 즉각 반발했다. A씨는 ""성당에서 세례도 받았고 고해성사도 하는 등 수차례 공부했고 모든 교리를 따랐는데 인정하지 않는 것은 이해할 수 없다""며 ""소송이 가능하다면 소송까지 이어갈 것이다""고 밝혔다.A씨의 법률 대리인인 법무법인 동천 이탁건 변호사도 ""민혁군이 난민으로 인정받고 나서 A씨에 대한 주목도가 높아졌다""며 ""박해를 받지 않을 것이라는 이유로 불인정 결정을 한 것은 납득하기 어렵다""고 주장하다.김군 부자를 돕고 있는 아주중학교 오현록 교사도 ""김군보다 A씨가 본국에서 박해받을 가능성이 더 높은 게 사실""이라며 ""김군과 난민 신청 사유가 동일한 데도 결과가 오히려 안 좋게 나왔다는 것 자체가 모순""이라고 비판했다.김군 역시 ""당장 아버지와 함께할 수 있다는 점은 다행이지만 내가 성인이 돼서 떨어질지 모른다는 두려움이 있다""며 ""아빠가 꼭 난민으로 인정받아 계속 함께할 수 있었으면 좋겠다""고 말했다. 지난 6월 11일 서울 양천구 서울출입국외국인청에서 아버지의 난민 재심사를 응원하기 위해 1인 시위를 벌이고 있는 김민혁군(16)이 플래카드를 들고 있다/사진= 임찬영기자앞서 김군은 올해 6월 아버지의 난민인정을 촉구, 친구 4명과 함께 과천정부청사 1인시위를 벌여 눈길을 끌었다. 김군은 심사일에도 홀로 1인 시위를 이어갔다. 김군은 ""많이 떨리지만 아버지가 고생도 많이 하시고 준비도 많이 하셔서 조금이나마 희망을 가지고 있다""며 ""꼭 인정되셔서 같이 생활할 수 있었으면 좋겠다""고 소감을 전했다. 이런 김군의 기대는 당국의 결정으로 좌절되고 말았다. 아버지에 대한 난민 재심사가 불인정 되면서 김군은 또다시 난민 인정을 위해 싸워야 하는 상황에 놓였다.두 부자는 2010년 김군이 7살 때 한국을 방문해 천주교로 개종했다. 이슬람 국가인 이란에서 개종은 사형까지 당할 수 있는 중죄다. 이들 부자는 난민 신청을 했으나 2016년 6월 난민불인정처분을 받았다. 부자는 법원에 항소했지만 지난해 12월 패소했다. 김군은 친구들의 청원과 시위 등 우여곡절 끝에 지난해 10월 난민으로 인정받았다. A씨는 대법원 상고 절차 대신 올해 2월 난민재심사를 신청했고 지난 6월 재심사를 받았으나 결국 난민으로 인정 받지 못했다.임찬영 기자 chan02@mt.co.kr▶주식투자 감 잡고 싶다면 [재테크 칼럼]▶바람 피운 배우자 4가지 징후 [변호사 가사상담] ▶주요 이슈만 콕콕! <저작권자 ⓒ '돈이 보이는 리얼타임 뉴스' 머니투데이, 무단전재 및 재배포 금지>
	
"
"쎌바이오텍, 2분기 영업이익 10.8억원…전년비 79.3%↓","




// flash 오류를 우회하기 위한 함수 추가
function _flash_removeCallback() {}

	
	[머니투데이 김현아 기자] 쎌바이오텍은 2분기 연결 기준 잠정 영업이익이 전년 동기 대비 79.3% 감소한 10억8200만원을 기록했다고 8일 공시했다. 같은 기간 매출액은 116억5800만원으로 28.6% 감소했다. 순이익은 20억2500만원으로 59.3% 줄었다.김현아 기자 jvdith@mt.co.kr▶주식투자 감 잡고 싶다면 [재테크 칼럼]▶바람 피운 배우자 4가지 징후 [변호사 가사상담] ▶주요 이슈만 콕콕! <저작권자 ⓒ '돈이 보이는 리얼타임 뉴스' 머니투데이, 무단전재 및 재배포 금지>
	
"
경기 용인서 과수화상병 첫 발생,"




// flash 오류를 우회하기 위한 함수 추가
function _flash_removeCallback() {}

	
	[머니투데이 세종=정혁수 기자] [농촌진흥청, 배 과수원 1곳(면적 2.3ha) 발생농가 확진…피해농가 전국 177개(발생면적 123.8ha) 곳 달해]농촌진흥청은 지난 6일 경기도 용인시에 위치한 배 과수원 1곳(면적 2.3ha)을 과수화상병 발생농가로 확진했다고 8일 밝혔다.경기도 용인지역에서 과수화상병이 발생한 것은 이번이 처음으로 최근에 첫 발생한 이천과 지리적으로 인접해 있다. 지난 6일 현재 전국 과수화상병 발생농가는 총 177개 농가로 늘어났고, 발생면적은 123.8ha에 달했다.과수화상병으로 확진되면 과수원 전체를 폐원해야 하고, 폐원 후 3년 내에는 사과, 배는 물론 기주식물을 재배할 수 없다.지역별로는 충북 충주(75농가, 54.3ha)와 제천(61농가, 46ha)이 가장 많고, 경기 용인‧파주‧이천‧연천과 충북 음성은 올해 처음 발생했다.농촌진흥청은 과수화상병 발생지역 농촌진흥기관(도농업기술원, 농업기술센터), 과수농가와 협력해 확산방지를 위한 신속한 방제(매몰) 작업을 추진하고 있다.과수화상병 의심증상 발견시 오염원이 과원 밖으로 유출되지 않도록 현장에 대한 임시조치를 강화하고 있다.농진청은 이를 위해 농업인을 대상으로 과수화상병 예방과 대처요령에 관한 현장실천사항이 수록된 홍보물(리플릿)을 배부하고, 발생과원(매몰지)에 사과, 배, 복숭아 등 장미과 식물과 기주식물을 제외한 대체작목을 재배할 수 있도록 영농지원에 나설 계획이다.  농촌진흥청 정준용 재해대응과장은 ""과수농가에서 농작업시 반드시 작업도구를 수시로 소독해 세균이 다른 나무로 옮겨가지 않도록 해 주셔야 한다""며 ""과수화상병 의심증상 발견시 거주지 농업기술센터로 즉시 신고해 주시길 부탁 드린다""고 말했다.세종=정혁수 기자 hyeoksooj@.▶주식투자 감 잡고 싶다면 [재테크 칼럼]▶바람 피운 배우자 4가지 징후 [변호사 가사상담] ▶주요 이슈만 콕콕! <저작권자 ⓒ '돈이 보이는 리얼타임 뉴스' 머니투데이, 무단전재 및 재배포 금지>
	
"
"GS, 2Q 영업익 4878억","




// flash 오류를 우회하기 위한 함수 추가
function _flash_removeCallback() {}

	
	[머니투데이 이정혁 기자] GS는 2분기 연결 기준 잠정 영업이익이 4878억3700만원으로 전년 동기 대비 11.43% 감소했다고 8일 공시했다.같은 기간 매출은 4조5081억3400만원으로 전년 동기 대비 0.88% 줄었다.이정혁 기자 utopia@mt.co.kr▶주식투자 감 잡고 싶다면 [재테크 칼럼]▶바람 피운 배우자 4가지 징후 [변호사 가사상담] ▶주요 이슈만 콕콕! <저작권자 ⓒ '돈이 보이는 리얼타임 뉴스' 머니투데이, 무단전재 및 재배포 금지>
	
"
"현성바이탈 ""최대주주 지분 매각 제안 받았지만 확정 아니다""","




// flash 오류를 우회하기 위한 함수 추가
function _flash_removeCallback() {}

	
	[머니투데이 김현아 기자] 현성바이탈은 한국거래소의 최대주주 지분 매각 추진 보도와 관련한 조회공시 요구에 ""투자자금 유치중에 인수의향자들에게 최대주주의 지분 매각을 제안받은 바 있으나 현재 구체적으로 딜(deal)을 했거나 확정된 바는 없다""고 8일 답변했다. 회사 측은 ""향후 구체적인 사항이 확정되면 즉시 공시할 것""이라고 밝혔다. 재공시 기한은 다음달 6일까지다. 김현아 기자 jvdith@mt.co.kr▶주식투자 감 잡고 싶다면 [재테크 칼럼]▶바람 피운 배우자 4가지 징후 [변호사 가사상담] ▶주요 이슈만 콕콕! <저작권자 ⓒ '돈이 보이는 리얼타임 뉴스' 머니투데이, 무단전재 및 재배포 금지>
	
"
"논란의 '공매도 규제', 금융당국 카드 꺼낼까 ","




// flash 오류를 우회하기 위한 함수 추가
function _flash_removeCallback() {}

	
	[머니투데이 조준영 기자, 임동욱 기자] [[금융당국의 '칼 한자루와 방패 셋' ②]공매도 금지 '강수' 만지작...부작용·타이밍 등 고민] 미중 무역·환율전쟁, 일본의 경제보복 등의 여파로 최근 증권시장이 크게 하락한 가운데, 정부가 '공매도 규제강화' 카드를 만지작거리고 있다. 최근 금융당국은 손에 쥔 패 중 약발이 가장 센 '공매도 규제'를 언급하며 ""언제든지 쓸 수 있다""고 공언했다. 시장안정을 위해선 '강수'도 마다하지 않겠다는 일종의 '구두 개입' 성격이 짙다. 공매도 금지 등 규제강화는 시장의 신속한 하락을 방지할 수 있다는 점에서 단기적으로 효과적인 '방패'가 될 수 있지만, 시장의 가격발견 기능 등을 제한하는 등 부작용도 분명하다. 일단 한번 사용하면 일정기간 내 재사용이 어렵다는 점도 부담이다. 공매도는 말 그대로 '없는 것을 판다'는 의미로 차입한 증권을 매도하는 투자제도다. 주가하락이 예상되는 주식을 대여해 매각하고 실제로 주가가 하락하면 싼 가격에 다시 매입해 빌린 주식을 갚아 수익을 얻는 구조다. 주가상승이 예상될 경우 돈을 빌려 주식을 매입해 매매차익을 얻는 '주식신용융자제도'와 대칭되는 개념이다. 시장효율성 제고 등 순기능에도 불구, 그동안 공매도는 미공개정보를 통한 불공정거래 수단으로 악용되거나 하락장에 투기수요가 합세해 주가폭락을 유발하는 원인으로 지적돼왔다. 지난 2일 시작된 '한시적 공매도 금지' 청와대 국민청원에는 2만3000여명이 동의를 표하기도 했다.한국예탁결제원에 따르면, 지난 7일 기준 주식 대차잔고는 58조2913억원으로 연초(1월말 기준, 52조3478억원)에 비해 6조원 가량 증가했다. 공매도의 선행지표로 불리는 대차잔고는 주식을 빌린 뒤 아직 갚지 않은 물량을 말한다. 대차잔고가 많다는 것은 주가하락을 예상하는 투자자들이 많아졌다는 의미로, 그만큼 공매도가 늘어날 수 있다. 공매도 규제는 금융당국의 컨틴전시 플랜(위기대응 비상계획)에 끝자락에 위치한다. 당국은 2008년 글로벌 금융위기에 대응하기 위해 모든 상장종목에 대한 공매도 제한조치를 시행했다. 2011년 유럽 재정위기 때는 8월부터 11월까지 약 3개월간 전체 상장종목에 대한 한시적 공매도 금지조치를 시행했다. 황세운 자본시장연구원 연구위원은 ""시장이 공포감에 빠져 정상적인 가격기능이 작동하지 못하는 경우 일시적인 공매도 거래금지와 같은 강력한 규제를 통해 시장을 안정화시키고 변동성을 완화하려는 노력은 긍정적""이라고 평가했다. 이어 ""공매도 금지규제가 지나치게 오랫동안 유지되는 것은 시장의 부담으로 작용할 수 있기 때문에 짧은 기간 동안 한시적으로 시행한다는 원칙 확립이 필요하다""고 밝혔다. 관건은 '타이밍'이다. 현재 시장이 과거 위기 상황과 비교할 때 어떤 상태인지도 따져봐야 할 요소다. 익명을 요구한 한 시장관계자는 ""지금은 공매도 규제같은 강력한 대응책이 필요한 상황이 전혀 아니다""며 ""금융당국은 칼집만 꺼내 보여주면 충분하지 칼을 꺼내서 휘두를 타이밍은 전혀 아니다""고 말했다. 섣부른 공매도 규제가 국내 증권시장에 대한 신뢰도 저하로 이어질 것이라는 지적도 있다. 김형렬 교보증권 리서치센터장은 ""일부의 불만 때문에 (공매도 규제) 대책을 시행할 경우 외국인 투자자들이 '이 나라는 장이 빠지니까 제도를 바꿔버린다'며 신뢰를 거둘 수 있다""며 ""우리 자본시장이 성숙되는 과정이 몇년 뒤로 퇴보할 수도 있다""고 경고했다. 반대로 선제적인 공매도 규제가 필요하다는 목소리도 있다. 권오인 경제실천연합 경제정책국장은 ""지금 시장에서 개인투자자가 70% 정도를 차지한다""며 ""문제가 더 깊어지기 전에 정부가 선제적으로 시장을 안정시킨다는 시그널을 줄 필요가 있고, 한시적으로 안정을 시켜놓고 하방위험을 막을 필요가 있다""고 주장했다.조준영 기자 cho@mt.co.kr, 임동욱 기자 dwlim@mt.co.kr▶주식투자 감 잡고 싶다면 [재테크 칼럼]▶바람 피운 배우자 4가지 징후 [변호사 가사상담] ▶주요 이슈만 콕콕! <저작권자 ⓒ '돈이 보이는 리얼타임 뉴스' 머니투데이, 무단전재 및 재배포 금지>
	
"
"현대박화점, 2Q 영업익 507억","




// flash 오류를 우회하기 위한 함수 추가
function _flash_removeCallback() {}

	
	[머니투데이 이정혁 기자] 현대백화점은 2분기 연결 기준 잠정 영업이익이 506억9200만원으로 전년 동기 대비 32.7% 줄었다고 8일 공시했다.같은 기간 매출은 5333억9200만원으로 전년 동기 대비 20.6% 늘었다.이정혁 기자 utopia@mt.co.kr▶주식투자 감 잡고 싶다면 [재테크 칼럼]▶바람 피운 배우자 4가지 징후 [변호사 가사상담] ▶주요 이슈만 콕콕! <저작권자 ⓒ '돈이 보이는 리얼타임 뉴스' 머니투데이, 무단전재 및 재배포 금지>
	
"
"질병관리본부, 16일부터 '지역사회건강조사' 실시","




// flash 오류를 우회하기 위한 함수 추가
function _flash_removeCallback() {}

	
	[머니투데이 김근희 기자] [흡연·음주·고혈압 등 조사…결과 내년 3월 공개] 2019년 지역사회건강조사 조사내용/사진=질병관리본부 질병관리본부는 17개 광역자치단체와 오는 16일부터 10월31일까지 전국의 약 23만명을 대상으로 '2019년 지역사회건강조사'를 실시한다고 8일 밝혔다.시‧군‧구 기초자치단체장은 지역보건법 제4조에 따라 지역주민의 건강실태를 파악하기 위해 매년 만 19세 이상 성인을 대상으로 지역사회건강조사를 실시하고 있다. 조사방식은 보건소 소속 조사원이 표본추출로 선정된 조사가구를 방문해, 노트북에 탑재된 전자조사표를 이용, 조사대상자와 1대 1 면접조사를 진행한다. 전국 255개 지역이 참여하며, 지역별 평균 900명의 표본을 추출한다.올해 조사에서는 흡연, 음주, 식생활 등의 건강행태와 삶의 질 등 지역별로 220~250여 개의 설문문항을 조사한다. 특히 올해 혈압측정 조사를 정식 도입해 지역별 고혈압 유병률 등 혈압 관련 지표들을 산출할 계획이다. 이번 조사 결과는 내년 3월 질병관리본부와 255개 각 보건소에서 공표할 예정이다. 지역사회 건강통계는 각 지역에 꼭 필요한 건강정책을 수립하고, 맞춤형 보건사업을 추진하는데 사용된다. 정은경 질병관리본부장은 ""조사된 모든 내용은 통계법에 의해 철저히 비밀이 보장된다""며 ""지역사회를 위해 주민들은 조사에 적극 참여해 주길 바란다""고 당부했다. 김근희 기자 keun7@mt.co.kr▶주식투자 감 잡고 싶다면 [재테크 칼럼]▶바람 피운 배우자 4가지 징후 [변호사 가사상담] ▶주요 이슈만 콕콕! <저작권자 ⓒ '돈이 보이는 리얼타임 뉴스' 머니투데이, 무단전재 및 재배포 금지>
	
"
"중국 증시, 상승 마감...상하이 0.93%↑","




// flash 오류를 우회하기 위한 함수 추가
function _flash_removeCallback() {}

	
	[머니투데이 강기준 기자] 중국 증시가 8일 상승세로 마감했다. 이날 상하이종합지수는 전장대비 0.93% 오른 2794.55에 거래를 마쳤다. 강기준 기자 standard@mt.co.kr▶주식투자 감 잡고 싶다면 [재테크 칼럼]▶바람 피운 배우자 4가지 징후 [변호사 가사상담] ▶주요 이슈만 콕콕! <저작권자 ⓒ '돈이 보이는 리얼타임 뉴스' 머니투데이, 무단전재 및 재배포 금지>
	
"
"인크로스, 80억원 규모 자기주식 취득 계약","




// flash 오류를 우회하기 위한 함수 추가
function _flash_removeCallback() {}

	
	[머니투데이 김현아 기자] 인크로스는 주가 안정 및 주주가치 제고를 위해 80억원 규모의 자기주식 취득 신탁계약을 체결했다고 8일 공시했다. 계약기간은 이날부터 2020년 2월7일까지다. 김현아 기자 jvdith@mt.co.kr▶주식투자 감 잡고 싶다면 [재테크 칼럼]▶바람 피운 배우자 4가지 징후 [변호사 가사상담] ▶주요 이슈만 콕콕! <저작권자 ⓒ '돈이 보이는 리얼타임 뉴스' 머니투데이, 무단전재 및 재배포 금지>
	
"
"CJ CGV, 2Q 잠정 영업익 234억","




// flash 오류를 우회하기 위한 함수 추가
function _flash_removeCallback() {}

	
	[머니투데이 이정혁 기자] CJ CGV는 2분기 연결 기준 잠정 영업이익이 234억6000만원으로 전년 동기 대비 8719.55% 증가했다고 8일 공시했다.같은 기간 매출액은 4819억3300만원원으로 전년 동기 대비 19.05% 늘었다.이정혁 기자 utopia@mt.co.kr▶주식투자 감 잡고 싶다면 [재테크 칼럼]▶바람 피운 배우자 4가지 징후 [변호사 가사상담] ▶주요 이슈만 콕콕! <저작권자 ⓒ '돈이 보이는 리얼타임 뉴스' 머니투데이, 무단전재 및 재배포 금지>
	
"
"동양생명, 상반기 순익 753억원… 전년比 35.6%↑","




// flash 오류를 우회하기 위한 함수 추가
function _flash_removeCallback() {}

	
	[머니투데이 전혜영 기자] [(상보)매출액 3조953억원, 소폭 증가…영업이익 30.1% 증가한 900억원 기록]동양생명은 올해 상반기에 당기순이익 753억원으로 전년대비 35.6% 증가했다고 8일 밝혔다. 같은 기간 매출액은 전년동기 대비 소폭 증가한 3조953억원, 영업이익은 30.1% 늘어난 900억원을 기록했다.동양생명 관계자는 ""보장성 상품 중심의 영업 전략으로 보험영업이익이 안정적으로 늘면서 주요 영업지표가 개선됐다""고 말했다. 동양생명은 상반기에 2조2976억원의 수입보험료를 거뒀으며 이 중 보장성은 1조700억원으로전년 동기 대비 6.5% 확대됐다. RBC(보험금 지급여력) 비율은 237.1%로 전년동기 대비 32.4% 포인트 상승했다. 민원 등 고객 관련 지표도 개선됐다. 상반기 총 민원건수는 271건으로 전년동기대비 10.6% 줄었으며 불완전판매율도 전년동기 0.10%에서 0.08%로 좋아졌다.전혜영 기자 mfuture@mt.co.kr▶주식투자 감 잡고 싶다면 [재테크 칼럼]▶바람 피운 배우자 4가지 징후 [변호사 가사상담] ▶주요 이슈만 콕콕! <저작권자 ⓒ '돈이 보이는 리얼타임 뉴스' 머니투데이, 무단전재 및 재배포 금지>
	
"
"유럽 증시, 상승 출발...獨 0.9%↑","




// flash 오류를 우회하기 위한 함수 추가
function _flash_removeCallback() {}

	
	[머니투데이 강기준 기자] 유럽 증시가 8일(현지시간) 상승 출발했다. 독일 DAX지수는 전장보다 0.9% 오른채 거래를 시작했고, 영국 FTSE100지수는 0.61% 상승했다. 스페인 CAC40지수는 전장보다 0.6%, 스페인 IBEX35지수도 0.8% 상승세다. 강기준 기자 standard@mt.co.kr▶주식투자 감 잡고 싶다면 [재테크 칼럼]▶바람 피운 배우자 4가지 징후 [변호사 가사상담] ▶주요 이슈만 콕콕! <저작권자 ⓒ '돈이 보이는 리얼타임 뉴스' 머니투데이, 무단전재 및 재배포 금지>
	
"
"코스피200 감사위원회 안건 수, 2년새 21.3% 증가","




// flash 오류를 우회하기 위한 함수 추가
function _flash_removeCallback() {}

	
	[머니투데이 조준영 기자] [내부회계관리제도 '비적정' 56사, '통제절차 미비' 최빈사유] 코스피200 기업들의 감사위원회(감사위)가 2018년 사업연도 평균 15.3건의 회의 안건을 다룬 것으로 나타났다. 2년 전인 2016년 대비 21.3% 증가한 수치다. 최근 신(新)외부감사법 시행 등 감사위의 역할과 책임이 증가한 것이 주요 원인으로 분석됐다.8일 삼정KPMG가 발간한 '감사위원회 저널 11호'에 따르면 감사위의 주요 안건에는 내부회계관리제도 감독안건이 평균 1.94건으로 2년전과 비교해 26% 증가율을 보였다. 뒤이어 △외부감사인 감독(20.3%) △내부감사 감독(13.6%) △재무감독(5.9%)의 증가율을 보였다.국내 상장법인 중 내부회계관리제도에 대해 '비적정' 검토의견을 받은 기업비중은 △2016년 1.5% △2017년 2.0% △2018년 2.9%로 매년 증가추세였다. 저널은 관련 법제도가 대폭 강화된 데 기인한 것으로 분석했다. '비적정'의견을 받은 56사의 사유를 조사·분석한 결과 '통제절차 미비'가 97개(69.3%)로 가장 많은 비중을 차지했다.한은섭 삼정KPMG 감사부문 대표는 ""감사위는 내부회계관리제도에 대한 비적정 감사의견을 방지하기 위해 외부감사법, 내부회계관리제도 모범규준 등 법규가 요구하는 역할을 능동적으로 수행해야 한다""며 ""내부감사 실무조직 설치 등 실질적 지원이 강화돼야 한다""고 강조했다.한편, 삼정KPMG는 회계투명성 강화와 기업지배구조 개선 지원을 위해 2015년 업계 최초로 감사위원회 지원센터(Audit Committee Institute, ACI)를 설립했다. 지난해 11월에는 신외부감사법과 감사위원회 모범규준 등을 반영한 핸드북 개정판을 발간하는 등 국내 감사위원회 및 감사의 위상 제고를 위한 다양한 활동을 수행하고 있다.조준영 기자 cho@mt.co.kr▶주식투자 감 잡고 싶다면 [재테크 칼럼]▶바람 피운 배우자 4가지 징후 [변호사 가사상담] ▶주요 이슈만 콕콕! <저작권자 ⓒ '돈이 보이는 리얼타임 뉴스' 머니투데이, 무단전재 및 재배포 금지>
	
"
"에버다임, 2분기 영업이익 20.1억원…전년비 58.5% 감소","




// flash 오류를 우회하기 위한 함수 추가
function _flash_removeCallback() {}

	
	[머니투데이 김현아 기자] 에버다임은 2분기 연결 기준 잠정 매출액이 613억8600만원, 영업이익이 20억1200만원을 기록했다고 8일 공시했다. 이는 전년 동기 대비 각각 22%, 58.5% 감소한 수치다. 같은 기간 순이익은 19억4600만원으로 63.6% 줄었다.김현아 기자 jvdith@mt.co.kr▶주식투자 감 잡고 싶다면 [재테크 칼럼]▶바람 피운 배우자 4가지 징후 [변호사 가사상담] ▶주요 이슈만 콕콕! <저작권자 ⓒ '돈이 보이는 리얼타임 뉴스' 머니투데이, 무단전재 및 재배포 금지>
	
"
"""만 15세 이상이면 OK"" 삼성화재, 애니핏 제공대상 확대 ","




// flash 오류를 우회하기 위한 함수 추가
function _flash_removeCallback() {}

	
	[머니투데이 전혜영 기자] [만19세 → 만15세 나이 완화…월 보험료 5만원 이상 조건폐지]사진=삼성화재삼성화재는 건강증진 서비스 '애니핏' 제공 대상자와 가입 방법을 확대했다고 8일 밝혔다. 지난 7월부터 서비스 대상자 연령을 만 19세에서 만 15세 이상으로 낮췄고 월 보험료 5만원 조건도 폐지했다. 이에 따라 삼성화재 건강보험에 가입한 만 15세 이상 피보험자면 누구나 서비스를 이용할 수 있게 됐다. 해당 인원은 약 380만명으로 추산된다.지난달 애니핏 가입전용 애플리케이션(앱)을 출시하면서 서비스 가입과 이용 방법도 더 간편해졌다. 기존에는 애니핏이 구현되는 '삼성헬스' 앱을 통해서만 가입 과 이용이 가능했지만 이제는 애니핏 가입전용 앱을 통해서도 할 수 있다. 해당 앱은 구글 플레이스토어에서 다운로드 받으면 된다. 현재 안드로이드 폰에서만 이용 가능하며 iOS는 향후 서비스 제공 예정이다.한편 애니핏은 걷기, 달리기, 등산 등 평상시에도 부담 없이 할 수 있는 운동을 대상으로 목표 달성에 따른 포인트를 제공하는 삼성화재의 건강증진 서비스다. 매일 또는 매월 정해진 운동목표 달성 시 월간 최대 4500 포인트, 연간 최대 5만4000 포인트를 쌓을 수 있다. 출석체크, 건강퀴즈 등 다양한 이벤트를 통해 추가 포인트 적립도 가능하다.적립된 포인트는 삼성화재 포인트몰에서 상품과 서비스 구입에 사용할 수 있다. 자동차보험, 여행보험, 장기보장성보험(통합형 장기보험 제외) 가입 시 보험료 결제에도 사용 가능하다. 1포인트는 1원과 동일하며 유효기간은 3년이다.전혜영 기자 mfuture@mt.co.kr▶주식투자 감 잡고 싶다면 [재테크 칼럼]▶바람 피운 배우자 4가지 징후 [변호사 가사상담] ▶주요 이슈만 콕콕! <저작권자 ⓒ '돈이 보이는 리얼타임 뉴스' 머니투데이, 무단전재 및 재배포 금지>
	
"
